Date,Visitor/Neutral,Home/Neutral,Week
2018-10-16,Philadelphia 76ers,Boston Celtics,1
2018-10-16,Oklahoma City Thunder,Golden State Warriors,1
2018-10-17,Milwaukee Bucks,Charlotte Hornets,1
2018-10-17,Brooklyn Nets,Detroit Pistons,1
2018-10-17,Memphis Grizzlies,Indiana Pacers,1
2018-10-17,Miami Heat,Orlando Magic,1
2018-10-17,Atlanta Hawks,New York Knicks,1
2018-10-17,Cleveland Cavaliers,Toronto Raptors,1
2018-10-17,New Orleans Pelicans,Houston Rockets,1
2018-10-17,Minnesota Timberwolves,San Antonio Spurs,1
2018-10-17,Utah Jazz,Sacramento Kings,1
2018-10-17,Denver Nuggets,Los Angeles Clippers,1
2018-10-17,Dallas Mavericks,Phoenix Suns,1
2018-10-18,Chicago Bulls,Philadelphia 76ers,1
2018-10-18,Miami Heat,Washington Wizards,1
2018-10-18,Los Angeles Lakers,Portland Trail Blazers,1
2018-10-19,Charlotte Hornets,Orlando Magic,1
2018-10-19,New York Knicks,Brooklyn Nets,1
2018-10-19,Atlanta Hawks,Memphis Grizzlies,1
2018-10-19,Cleveland Cavaliers,Minnesota Timberwolves,1
2018-10-19,Sacramento Kings,New Orleans Pelicans,1
2018-10-19,Boston Celtics,Toronto Raptors,1
2018-10-19,Indiana Pacers,Milwaukee Bucks,1
2018-10-19,Oklahoma City Thunder,Los Angeles Clippers,1
2018-10-19,Golden State Warriors,Utah Jazz,1
2018-10-20,Brooklyn Nets,Indiana Pacers,1
2018-10-20,Toronto Raptors,Washington Wizards,1
2018-10-20,Boston Celtics,New York Knicks,1
2018-10-20,Orlando Magic,Philadelphia 76ers,1
2018-10-20,Detroit Pistons,Chicago Bulls,1
2018-10-20,Charlotte Hornets,Miami Heat,1
2018-10-20,Minnesota Timberwolves,Dallas Mavericks,1
2018-10-20,Phoenix Suns,Denver Nuggets,1
2018-10-20,San Antonio Spurs,Portland Trail Blazers,1
2018-10-20,Houston Rockets,Los Angeles Lakers,1
2018-10-21,Atlanta Hawks,Cleveland Cavaliers,1
2018-10-21,Sacramento Kings,Oklahoma City Thunder,1
2018-10-21,Golden State Warriors,Denver Nuggets,1
2018-10-21,Houston Rockets,Los Angeles Clippers,1
2018-10-22,Orlando Magic,Boston Celtics,2
2018-10-22,Charlotte Hornets,Toronto Raptors,2
2018-10-22,New York Knicks,Milwaukee Bucks,2
2018-10-22,Indiana Pacers,Minnesota Timberwolves,2
2018-10-22,Chicago Bulls,Dallas Mavericks,2
2018-10-22,Memphis Grizzlies,Utah Jazz,2
2018-10-22,Washington Wizards,Portland Trail Blazers,2
2018-10-22,Phoenix Suns,Golden State Warriors,2
2018-10-22,San Antonio Spurs,Los Angeles Lakers,2
2018-10-23,Philadelphia 76ers,Detroit Pistons,2
2018-10-23,Los Angeles Clippers,New Orleans Pelicans,2
2018-10-23,Sacramento Kings,Denver Nuggets,2
2018-10-24,Dallas Mavericks,Atlanta Hawks,2
2018-10-24,Brooklyn Nets,Cleveland Cavaliers,2
2018-10-24,New York Knicks,Miami Heat,2
2018-10-24,Minnesota Timberwolves,Toronto Raptors,2
2018-10-24,Charlotte Hornets,Chicago Bulls,2
2018-10-24,Utah Jazz,Houston Rockets,2
2018-10-24,Indiana Pacers,San Antonio Spurs,2
2018-10-24,Philadelphia 76ers,Milwaukee Bucks,2
2018-10-24,Los Angeles Lakers,Phoenix Suns,2
2018-10-24,Memphis Grizzlies,Sacramento Kings,2
2018-10-24,Washington Wizards,Golden State Warriors,2
2018-10-25,Cleveland Cavaliers,Detroit Pistons,2
2018-10-25,Portland Trail Blazers,Orlando Magic,2
2018-10-25,Boston Celtics,Oklahoma City Thunder,2
2018-10-25,Denver Nuggets,Los Angeles Lakers,2
2018-10-26,Chicago Bulls,Charlotte Hornets,2
2018-10-26,Golden State Warriors,New York Knicks,2
2018-10-26,Dallas Mavericks,Toronto Raptors,2
2018-10-26,Los Angeles Clippers,Houston Rockets,2
2018-10-26,Milwaukee Bucks,Minnesota Timberwolves,2
2018-10-26,Brooklyn Nets,New Orleans Pelicans,2
2018-10-26,Washington Wizards,Sacramento Kings,2
2018-10-27,Boston Celtics,Detroit Pistons,2
2018-10-27,Utah Jazz,New Orleans Pelicans,2
2018-10-27,Chicago Bulls,Atlanta Hawks,2
2018-10-27,Indiana Pacers,Cleveland Cavaliers,2
2018-10-27,Charlotte Hornets,Philadelphia 76ers,2
2018-10-27,Phoenix Suns,Memphis Grizzlies,2
2018-10-27,Portland Trail Blazers,Miami Heat,2
2018-10-27,Orlando Magic,Milwaukee Bucks,2
2018-10-27,Los Angeles Lakers,San Antonio Spurs,2
2018-10-28,Golden State Warriors,Brooklyn Nets,2
2018-10-28,Utah Jazz,Dallas Mavericks,2
2018-10-28,Phoenix Suns,Oklahoma City Thunder,2
2018-10-28,Washington Wizards,Los Angeles Clippers,2
2018-10-29,Portland Trail Blazers,Indiana Pacers,3
2018-10-29,Atlanta Hawks,Philadelphia 76ers,3
2018-10-29,Sacramento Kings,Miami Heat,3
2018-10-29,Brooklyn Nets,New York Knicks,3
2018-10-29,Golden State Warriors,Chicago Bulls,3
2018-10-29,Toronto Raptors,Milwaukee Bucks,3
2018-10-29,Los Angeles Lakers,Minnesota Timberwolves,3
2018-10-29,Dallas Mavericks,San Antonio Spurs,3
2018-10-29,New Orleans Pelicans,Denver Nuggets,3
2018-10-30,Miami Heat,Charlotte Hornets,3
2018-10-30,Atlanta Hawks,Cleveland Cavaliers,3
2018-10-30,Sacramento Kings,Orlando Magic,3
2018-10-30,Detroit Pistons,Boston Celtics,3
2018-10-30,Philadelphia 76ers,Toronto Raptors,3
2018-10-30,Portland Trail Blazers,Houston Rockets,3
2018-10-30,Washington Wizards,Memphis Grizzlies,3
2018-10-30,Los Angeles Clippers,Oklahoma City Thunder,3
2018-10-31,Detroit Pistons,Brooklyn Nets,3
2018-10-31,Denver Nuggets,Chicago Bulls,3
2018-10-31,Utah Jazz,Minnesota Timberwolves,3
2018-10-31,Indiana Pacers,New York Knicks,3
2018-10-31,New Orleans Pelicans,Golden State Warriors,3
2018-10-31,Dallas Mavericks,Los Angeles Lakers,3
2018-10-31,San Antonio Spurs,Phoenix Suns,3
2018-11-01,Oklahoma City Thunder,Charlotte Hornets,3
2018-11-01,Denver Nuggets,Cleveland Cavaliers,3
2018-11-01,Los Angeles Clippers,Philadelphia 76ers,3
2018-11-01,Sacramento Kings,Atlanta Hawks,3
2018-11-01,Milwaukee Bucks,Boston Celtics,3
2018-11-01,New Orleans Pelicans,Portland Trail Blazers,3
2018-11-02,Los Angeles Clippers,Orlando Magic,3
2018-11-02,Houston Rockets,Brooklyn Nets,3
2018-11-02,Indiana Pacers,Chicago Bulls,3
2018-11-02,Oklahoma City Thunder,Washington Wizards,3
2018-11-02,New York Knicks,Dallas Mavericks,3
2018-11-02,Memphis Grizzlies,Utah Jazz,3
2018-11-02,Toronto Raptors,Phoenix Suns,3
2018-11-02,Minnesota Timberwolves,Golden State Warriors,3
2018-11-03,Detroit Pistons,Philadelphia 76ers,3
2018-11-03,Cleveland Cavaliers,Charlotte Hornets,3
2018-11-03,Boston Celtics,Indiana Pacers,3
2018-11-03,Miami Heat,Atlanta Hawks,3
2018-11-03,Houston Rockets,Chicago Bulls,3
2018-11-03,New Orleans Pelicans,San Antonio Spurs,3
2018-11-03,Utah Jazz,Denver Nuggets,3
2018-11-03,Los Angeles Lakers,Portland Trail Blazers,3
2018-11-04,Sacramento Kings,Milwaukee Bucks,3
2018-11-04,Philadelphia 76ers,Brooklyn Nets,3
2018-11-04,New York Knicks,Washington Wizards,3
2018-11-04,Orlando Magic,San Antonio Spurs,3
2018-11-04,Memphis Grizzlies,Phoenix Suns,3
2018-11-04,Minnesota Timberwolves,Portland Trail Blazers,3
2018-11-04,Toronto Raptors,Los Angeles Lakers,3
2018-11-05,Miami Heat,Detroit Pistons,4
2018-11-05,Houston Rockets,Indiana Pacers,4
2018-11-05,Cleveland Cavaliers,Orlando Magic,4
2018-11-05,Chicago Bulls,New York Knicks,4
2018-11-05,New Orleans Pelicans,Oklahoma City Thunder,4
2018-11-05,Boston Celtics,Denver Nuggets,4
2018-11-05,Toronto Raptors,Utah Jazz,4
2018-11-05,Memphis Grizzlies,Golden State Warriors,4
2018-11-05,Minnesota Timberwolves,Los Angeles Clippers,4
2018-11-06,Atlanta Hawks,Charlotte Hornets,4
2018-11-06,Washington Wizards,Dallas Mavericks,4
2018-11-06,Brooklyn Nets,Phoenix Suns,4
2018-11-06,Milwaukee Bucks,Portland Trail Blazers,4
2018-11-07,Oklahoma City Thunder,Cleveland Cavaliers,4
2018-11-07,Detroit Pistons,Orlando Magic,4
2018-11-07,New York Knicks,Atlanta Hawks,4
2018-11-07,San Antonio Spurs,Miami Heat,4
2018-11-07,Philadelphia 76ers,Indiana Pacers,4
2018-11-07,Denver Nuggets,Memphis Grizzlies,4
2018-11-07,Chicago Bulls,New Orleans Pelicans,4
2018-11-07,Dallas Mavericks,Utah Jazz,4
2018-11-07,Toronto Raptors,Sacramento Kings,4
2018-11-07,Minnesota Timberwolves,Los Angeles Lakers,4
2018-11-08,Houston Rockets,Oklahoma City Thunder,4
2018-11-08,Boston Celtics,Phoenix Suns,4
2018-11-08,Los Angeles Clippers,Portland Trail Blazers,4
2018-11-08,Milwaukee Bucks,Golden State Warriors,4
2018-11-09,Washington Wizards,Orlando Magic,4
2018-11-09,Charlotte Hornets,Philadelphia 76ers,4
2018-11-09,Detroit Pistons,Atlanta Hawks,4
2018-11-09,Indiana Pacers,Miami Heat,4
2018-11-09,Brooklyn Nets,Denver Nuggets,4
2018-11-09,Boston Celtics,Utah Jazz,4
2018-11-09,Minnesota Timberwolves,Sacramento Kings,4
2018-11-10,New York Knicks,Toronto Raptors,4
2018-11-10,Milwaukee Bucks,Los Angeles Clippers,4
2018-11-10,Phoenix Suns,New Orleans Pelicans,4
2018-11-10,Cleveland Cavaliers,Chicago Bulls,4
2018-11-10,Philadelphia 76ers,Memphis Grizzlies,4
2018-11-10,Washington Wizards,Miami Heat,4
2018-11-10,Brooklyn Nets,Golden State Warriors,4
2018-11-10,Houston Rockets,San Antonio Spurs,4
2018-11-10,Oklahoma City Thunder,Dallas Mavericks,4
2018-11-10,Los Angeles Lakers,Sacramento Kings,4
2018-11-11,Charlotte Hornets,Detroit Pistons,4
2018-11-11,Indiana Pacers,Houston Rockets,4
2018-11-11,Orlando Magic,New York Knicks,4
2018-11-11,Milwaukee Bucks,Denver Nuggets,4
2018-11-11,Boston Celtics,Portland Trail Blazers,4
2018-11-11,Atlanta Hawks,Los Angeles Lakers,4
2018-11-12,Orlando Magic,Washington Wizards,5
2018-11-12,Philadelphia 76ers,Miami Heat,5
2018-11-12,New Orleans Pelicans,Toronto Raptors,5
2018-11-12,Dallas Mavericks,Chicago Bulls,5
2018-11-12,Utah Jazz,Memphis Grizzlies,5
2018-11-12,Brooklyn Nets,Minnesota Timberwolves,5
2018-11-12,Phoenix Suns,Oklahoma City Thunder,5
2018-11-12,San Antonio Spurs,Sacramento Kings,5
2018-11-12,Golden State Warriors,Los Angeles Clippers,5
2018-11-13,Charlotte Hornets,Cleveland Cavaliers,5
2018-11-13,Houston Rockets,Denver Nuggets,5
2018-11-13,Atlanta Hawks,Golden State Warriors,5
2018-11-14,Philadelphia 76ers,Orlando Magic,5
2018-11-14,Cleveland Cavaliers,Washington Wizards,5
2018-11-14,Chicago Bulls,Boston Celtics,5
2018-11-14,Miami Heat,Brooklyn Nets,5
2018-11-14,Detroit Pistons,Toronto Raptors,5
2018-11-14,Memphis Grizzlies,Milwaukee Bucks,5
2018-11-14,New Orleans Pelicans,Minnesota Timberwolves,5
2018-11-14,New York Knicks,Oklahoma City Thunder,5
2018-11-14,Utah Jazz,Dallas Mavericks,5
2018-11-14,San Antonio Spurs,Phoenix Suns,5
2018-11-14,Portland Trail Blazers,Los Angeles Lakers,5
2018-11-15,Golden State Warriors,Houston Rockets,5
2018-11-15,Atlanta Hawks,Denver Nuggets,5
2018-11-15,San Antonio Spurs,Los Angeles Clippers,5
2018-11-16,Toronto Raptors,Boston Celtics,5
2018-11-16,Miami Heat,Indiana Pacers,5
2018-11-16,Utah Jazz,Philadelphia 76ers,5
2018-11-16,Brooklyn Nets,Washington Wizards,5
2018-11-16,Sacramento Kings,Memphis Grizzlies,5
2018-11-16,Portland Trail Blazers,Minnesota Timberwolves,5
2018-11-16,New York Knicks,New Orleans Pelicans,5
2018-11-16,Chicago Bulls,Milwaukee Bucks,5
2018-11-17,Los Angeles Clippers,Brooklyn Nets,5
2018-11-17,Philadelphia 76ers,Charlotte Hornets,5
2018-11-17,Atlanta Hawks,Indiana Pacers,5
2018-11-17,Denver Nuggets,New Orleans Pelicans,5
2018-11-17,Los Angeles Lakers,Orlando Magic,5
2018-11-17,Utah Jazz,Boston Celtics,5
2018-11-17,Toronto Raptors,Chicago Bulls,5
2018-11-17,Sacramento Kings,Houston Rockets,5
2018-11-17,Golden State Warriors,Dallas Mavericks,5
2018-11-17,Oklahoma City Thunder,Phoenix Suns,5
2018-11-18,Memphis Grizzlies,Minnesota Timberwolves,5
2018-11-18,Los Angeles Lakers,Miami Heat,5
2018-11-18,New York Knicks,Orlando Magic,5
2018-11-18,Portland Trail Blazers,Washington Wizards,5
2018-11-18,Golden State Warriors,San Antonio Spurs,5
2018-11-19,Boston Celtics,Charlotte Hornets,6
2018-11-19,Cleveland Cavaliers,Detroit Pistons,6
2018-11-19,Utah Jazz,Indiana Pacers,6
2018-11-19,Phoenix Suns,Philadelphia 76ers,6
2018-11-19,Los Angeles Clippers,Atlanta Hawks,6
2018-11-19,Dallas Mavericks,Memphis Grizzlies,6
2018-11-19,Denver Nuggets,Milwaukee Bucks,6
2018-11-19,San Antonio Spurs,New Orleans Pelicans,6
2018-11-19,Oklahoma City Thunder,Sacramento Kings,6
2018-11-20,Toronto Raptors,Orlando Magic,6
2018-11-20,Los Angeles Clippers,Washington Wizards,6
2018-11-20,Brooklyn Nets,Miami Heat,6
2018-11-20,Portland Trail Blazers,New York Knicks,6
2018-11-21,Indiana Pacers,Charlotte Hornets,6
2018-11-21,New Orleans Pelicans,Philadelphia 76ers,6
2018-11-21,Toronto Raptors,Atlanta Hawks,6
2018-11-21,New York Knicks,Boston Celtics,6
2018-11-21,Phoenix Suns,Chicago Bulls,6
2018-11-21,Los Angeles Lakers,Cleveland Cavaliers,6
2018-11-21,Detroit Pistons,Houston Rockets,6
2018-11-21,Portland Trail Blazers,Milwaukee Bucks,6
2018-11-21,Denver Nuggets,Minnesota Timberwolves,6
2018-11-21,Brooklyn Nets,Dallas Mavericks,6
2018-11-21,Memphis Grizzlies,San Antonio Spurs,6
2018-11-21,Sacramento Kings,Utah Jazz,6
2018-11-21,Oklahoma City Thunder,Golden State Warriors,6
2018-11-23,Minnesota Timberwolves,Brooklyn Nets,6
2018-11-23,Memphis Grizzlies,Los Angeles Clippers,6
2018-11-23,Houston Rockets,Detroit Pistons,6
2018-11-23,Boston Celtics,Atlanta Hawks,6
2018-11-23,New Orleans Pelicans,New York Knicks,6
2018-11-23,Cleveland Cavaliers,Philadelphia 76ers,6
2018-11-23,Washington Wizards,Toronto Raptors,6
2018-11-23,Miami Heat,Chicago Bulls,6
2018-11-23,San Antonio Spurs,Indiana Pacers,6
2018-11-23,Charlotte Hornets,Oklahoma City Thunder,6
2018-11-23,Phoenix Suns,Milwaukee Bucks,6
2018-11-23,Orlando Magic,Denver Nuggets,6
2018-11-23,Portland Trail Blazers,Golden State Warriors,6
2018-11-23,Utah Jazz,Los Angeles Lakers,6
2018-11-24,Houston Rockets,Cleveland Cavaliers,6
2018-11-24,Chicago Bulls,Minnesota Timberwolves,6
2018-11-24,Denver Nuggets,Oklahoma City Thunder,6
2018-11-24,New Orleans Pelicans,Washington Wizards,6
2018-11-24,Boston Celtics,Dallas Mavericks,6
2018-11-24,Sacramento Kings,Golden State Warriors,6
2018-11-24,San Antonio Spurs,Milwaukee Bucks,6
2018-11-25,Orlando Magic,Los Angeles Lakers,6
2018-11-25,Phoenix Suns,Detroit Pistons,6
2018-11-25,Charlotte Hornets,Atlanta Hawks,6
2018-11-25,Philadelphia 76ers,Brooklyn Nets,6
2018-11-25,New York Knicks,Memphis Grizzlies,6
2018-11-25,Miami Heat,Toronto Raptors,6
2018-11-25,Utah Jazz,Sacramento Kings,6
2018-11-25,Los Angeles Clippers,Portland Trail Blazers,6
2018-11-26,Milwaukee Bucks,Charlotte Hornets,7
2018-11-26,Minnesota Timberwolves,Cleveland Cavaliers,7
2018-11-26,Houston Rockets,Washington Wizards,7
2018-11-26,San Antonio Spurs,Chicago Bulls,7
2018-11-26,Boston Celtics,New Orleans Pelicans,7
2018-11-26,Indiana Pacers,Utah Jazz,7
2018-11-26,Orlando Magic,Golden State Warriors,7
2018-11-27,New York Knicks,Detroit Pistons,7
2018-11-27,Atlanta Hawks,Miami Heat,7
2018-11-27,Toronto Raptors,Memphis Grizzlies,7
2018-11-27,Los Angeles Lakers,Denver Nuggets,7
2018-11-27,Indiana Pacers,Phoenix Suns,7
2018-11-28,Atlanta Hawks,Charlotte Hornets,7
2018-11-28,New York Knicks,Philadelphia 76ers,7
2018-11-28,Utah Jazz,Brooklyn Nets,7
2018-11-28,Dallas Mavericks,Houston Rockets,7
2018-11-28,Chicago Bulls,Milwaukee Bucks,7
2018-11-28,San Antonio Spurs,Minnesota Timberwolves,7
2018-11-28,Washington Wizards,New Orleans Pelicans,7
2018-11-28,Cleveland Cavaliers,Oklahoma City Thunder,7
2018-11-28,Orlando Magic,Portland Trail Blazers,7
2018-11-28,Phoenix Suns,Los Angeles Clippers,7
2018-11-29,Golden State Warriors,Toronto Raptors,7
2018-11-29,Indiana Pacers,Los Angeles Lakers,7
2018-11-29,Los Angeles Clippers,Sacramento Kings,7
2018-11-30,Cleveland Cavaliers,Boston Celtics,7
2018-11-30,Utah Jazz,Charlotte Hornets,7
2018-11-30,Chicago Bulls,Detroit Pistons,7
2018-11-30,Washington Wizards,Philadelphia 76ers,7
2018-11-30,Memphis Grizzlies,Brooklyn Nets,7
2018-11-30,New Orleans Pelicans,Miami Heat,7
2018-11-30,Atlanta Hawks,Oklahoma City Thunder,7
2018-11-30,Houston Rockets,San Antonio Spurs,7
2018-11-30,Orlando Magic,Phoenix Suns,7
2018-11-30,Dallas Mavericks,Los Angeles Lakers,7
2018-11-30,Denver Nuggets,Portland Trail Blazers,7
2018-12-01,Milwaukee Bucks,New York Knicks,7
2018-12-01,Golden State Warriors,Detroit Pistons,7
2018-12-01,Brooklyn Nets,Washington Wizards,7
2018-12-01,Toronto Raptors,Cleveland Cavaliers,7
2018-12-01,Chicago Bulls,Houston Rockets,7
2018-12-01,Boston Celtics,Minnesota Timberwolves,7
2018-12-01,Indiana Pacers,Sacramento Kings,7
2018-12-02,Phoenix Suns,Los Angeles Lakers,7
2018-12-02,New Orleans Pelicans,Charlotte Hornets,7
2018-12-02,Utah Jazz,Miami Heat,7
2018-12-02,Memphis Grizzlies,Philadelphia 76ers,7
2018-12-02,Los Angeles Clippers,Dallas Mavericks,7
2018-12-02,Portland Trail Blazers,San Antonio Spurs,7
2018-12-03,Oklahoma City Thunder,Detroit Pistons,8
2018-12-03,Golden State Warriors,Atlanta Hawks,8
2018-12-03,Cleveland Cavaliers,Brooklyn Nets,8
2018-12-03,Washington Wizards,New York Knicks,8
2018-12-03,Denver Nuggets,Toronto Raptors,8
2018-12-03,Houston Rockets,Minnesota Timberwolves,8
2018-12-03,Los Angeles Clippers,New Orleans Pelicans,8
2018-12-04,Chicago Bulls,Indiana Pacers,8
2018-12-04,Orlando Magic,Miami Heat,8
2018-12-04,Portland Trail Blazers,Dallas Mavericks,8
2018-12-04,Sacramento Kings,Phoenix Suns,8
2018-12-04,San Antonio Spurs,Utah Jazz,8
2018-12-05,Golden State Warriors,Cleveland Cavaliers,8
2018-12-05,Denver Nuggets,Orlando Magic,8
2018-12-05,Washington Wizards,Atlanta Hawks,8
2018-12-05,Oklahoma City Thunder,Brooklyn Nets,8
2018-12-05,Los Angeles Clippers,Memphis Grizzlies,8
2018-12-05,Detroit Pistons,Milwaukee Bucks,8
2018-12-05,Charlotte Hornets,Minnesota Timberwolves,8
2018-12-05,Dallas Mavericks,New Orleans Pelicans,8
2018-12-05,Philadelphia 76ers,Toronto Raptors,8
2018-12-05,San Antonio Spurs,Los Angeles Lakers,8
2018-12-06,New York Knicks,Boston Celtics,8
2018-12-06,Phoenix Suns,Portland Trail Blazers,8
2018-12-06,Houston Rockets,Utah Jazz,8
2018-12-07,Denver Nuggets,Charlotte Hornets,8
2018-12-07,Philadelphia 76ers,Detroit Pistons,8
2018-12-07,Indiana Pacers,Orlando Magic,8
2018-12-07,Toronto Raptors,Brooklyn Nets,8
2018-12-07,Sacramento Kings,Cleveland Cavaliers,8
2018-12-07,Oklahoma City Thunder,Chicago Bulls,8
2018-12-07,Memphis Grizzlies,New Orleans Pelicans,8
2018-12-07,Los Angeles Lakers,San Antonio Spurs,8
2018-12-07,Miami Heat,Phoenix Suns,8
2018-12-07,Golden State Warriors,Milwaukee Bucks,8
2018-12-08,Houston Rockets,Dallas Mavericks,8
2018-12-08,Sacramento Kings,Indiana Pacers,8
2018-12-08,Denver Nuggets,Atlanta Hawks,8
2018-12-08,Washington Wizards,Cleveland Cavaliers,8
2018-12-08,Brooklyn Nets,New York Knicks,8
2018-12-08,Boston Celtics,Chicago Bulls,8
2018-12-08,Los Angeles Lakers,Memphis Grizzlies,8
2018-12-08,Minnesota Timberwolves,Portland Trail Blazers,8
2018-12-08,Miami Heat,Los Angeles Clippers,8
2018-12-09,New Orleans Pelicans,Detroit Pistons,8
2018-12-09,Milwaukee Bucks,Toronto Raptors,8
2018-12-09,Utah Jazz,San Antonio Spurs,8
2018-12-09,Charlotte Hornets,New York Knicks,8
2018-12-10,Washington Wizards,Indiana Pacers,9
2018-12-10,Detroit Pistons,Philadelphia 76ers,9
2018-12-10,New Orleans Pelicans,Boston Celtics,9
2018-12-10,Sacramento Kings,Chicago Bulls,9
2018-12-10,Cleveland Cavaliers,Milwaukee Bucks,9
2018-12-10,Utah Jazz,Oklahoma City Thunder,9
2018-12-10,Orlando Magic,Dallas Mavericks,9
2018-12-10,Memphis Grizzlies,Denver Nuggets,9
2018-12-10,Los Angeles Clippers,Phoenix Suns,9
2018-12-10,Minnesota Timberwolves,Golden State Warriors,9
2018-12-10,Miami Heat,Los Angeles Lakers,9
2018-12-11,Portland Trail Blazers,Houston Rockets,9
2018-12-11,Phoenix Suns,San Antonio Spurs,9
2018-12-11,Toronto Raptors,Los Angeles Clippers,9
2018-12-12,Detroit Pistons,Charlotte Hornets,9
2018-12-12,New York Knicks,Cleveland Cavaliers,9
2018-12-12,Milwaukee Bucks,Indiana Pacers,9
2018-12-12,Brooklyn Nets,Philadelphia 76ers,9
2018-12-12,Boston Celtics,Washington Wizards,9
2018-12-12,Portland Trail Blazers,Memphis Grizzlies,9
2018-12-12,Oklahoma City Thunder,New Orleans Pelicans,9
2018-12-12,Atlanta Hawks,Dallas Mavericks,9
2018-12-12,Miami Heat,Utah Jazz,9
2018-12-12,Minnesota Timberwolves,Sacramento Kings,9
2018-12-12,Toronto Raptors,Golden State Warriors,9
2018-12-13,Los Angeles Lakers,Houston Rockets,9
2018-12-13,Los Angeles Clippers,San Antonio Spurs,9
2018-12-13,Chicago Bulls,Orlando Magic,9
2018-12-13,Dallas Mavericks,Phoenix Suns,9
2018-12-14,Atlanta Hawks,Boston Celtics,9
2018-12-14,New York Knicks,Charlotte Hornets,9
2018-12-14,Washington Wizards,Brooklyn Nets,9
2018-12-14,Milwaukee Bucks,Cleveland Cavaliers,9
2018-12-14,Indiana Pacers,Philadelphia 76ers,9
2018-12-14,Miami Heat,Memphis Grizzlies,9
2018-12-14,Oklahoma City Thunder,Denver Nuggets,9
2018-12-14,Toronto Raptors,Portland Trail Blazers,9
2018-12-14,Golden State Warriors,Sacramento Kings,9
2018-12-15,Utah Jazz,Orlando Magic,9
2018-12-15,Los Angeles Lakers,Charlotte Hornets,9
2018-12-15,Boston Celtics,Detroit Pistons,9
2018-12-15,Houston Rockets,Memphis Grizzlies,9
2018-12-15,Chicago Bulls,San Antonio Spurs,9
2018-12-15,Los Angeles Clippers,Oklahoma City Thunder,9
2018-12-15,Minnesota Timberwolves,Phoenix Suns,9
2018-12-16,Atlanta Hawks,Brooklyn Nets,9
2018-12-16,Philadelphia 76ers,Cleveland Cavaliers,9
2018-12-16,New York Knicks,Indiana Pacers,9
2018-12-16,Los Angeles Lakers,Washington Wizards,9
2018-12-16,Sacramento Kings,Dallas Mavericks,9
2018-12-16,Miami Heat,New Orleans Pelicans,9
2018-12-16,Toronto Raptors,Denver Nuggets,9
2018-12-17,Milwaukee Bucks,Detroit Pistons,10
2018-12-17,Phoenix Suns,New York Knicks,10
2018-12-17,Utah Jazz,Houston Rockets,10
2018-12-17,Sacramento Kings,Minnesota Timberwolves,10
2018-12-17,Chicago Bulls,Oklahoma City Thunder,10
2018-12-17,Philadelphia 76ers,San Antonio Spurs,10
2018-12-17,Memphis Grizzlies,Golden State Warriors,10
2018-12-17,Portland Trail Blazers,Los Angeles Clippers,10
2018-12-18,Cleveland Cavaliers,Indiana Pacers,10
2018-12-18,Washington Wizards,Atlanta Hawks,10
2018-12-18,Los Angeles Lakers,Brooklyn Nets,10
2018-12-18,Dallas Mavericks,Denver Nuggets,10
2018-12-19,Cleveland Cavaliers,Charlotte Hornets,10
2018-12-19,San Antonio Spurs,Orlando Magic,10
2018-12-19,New York Knicks,Philadelphia 76ers,10
2018-12-19,Phoenix Suns,Boston Celtics,10
2018-12-19,Indiana Pacers,Toronto Raptors,10
2018-12-19,Brooklyn Nets,Chicago Bulls,10
2018-12-19,Washington Wizards,Houston Rockets,10
2018-12-19,New Orleans Pelicans,Milwaukee Bucks,10
2018-12-19,Detroit Pistons,Minnesota Timberwolves,10
2018-12-19,Golden State Warriors,Utah Jazz,10
2018-12-19,Memphis Grizzlies,Portland Trail Blazers,10
2018-12-19,Oklahoma City Thunder,Sacramento Kings,10
2018-12-20,Houston Rockets,Miami Heat,10
2018-12-20,Dallas Mavericks,Los Angeles Clippers,10
2018-12-21,Detroit Pistons,Charlotte Hornets,10
2018-12-21,Cleveland Cavaliers,Toronto Raptors,10
2018-12-21,Indiana Pacers,Brooklyn Nets,10
2018-12-21,Atlanta Hawks,New York Knicks,10
2018-12-21,Milwaukee Bucks,Boston Celtics,10
2018-12-21,Orlando Magic,Chicago Bulls,10
2018-12-21,Minnesota Timberwolves,San Antonio Spurs,10
2018-12-21,Utah Jazz,Portland Trail Blazers,10
2018-12-21,Memphis Grizzlies,Sacramento Kings,10
2018-12-21,New Orleans Pelicans,Los Angeles Lakers,10
2018-12-22,Denver Nuggets,Los Angeles Clippers,10
2018-12-22,Phoenix Suns,Washington Wizards,10
2018-12-22,Toronto Raptors,Philadelphia 76ers,10
2018-12-22,San Antonio Spurs,Houston Rockets,10
2018-12-22,Milwaukee Bucks,Miami Heat,10
2018-12-22,Dallas Mavericks,Golden State Warriors,10
2018-12-22,Oklahoma City Thunder,Utah Jazz,10
2018-12-23,Atlanta Hawks,Detroit Pistons,10
2018-12-23,Washington Wizards,Indiana Pacers,10
2018-12-23,Charlotte Hornets,Boston Celtics,10
2018-12-23,Phoenix Suns,Brooklyn Nets,10
2018-12-23,Chicago Bulls,Cleveland Cavaliers,10
2018-12-23,Miami Heat,Orlando Magic,10
2018-12-23,New Orleans Pelicans,Sacramento Kings,10
2018-12-23,Minnesota Timberwolves,Oklahoma City Thunder,10
2018-12-23,Los Angeles Clippers,Golden State Warriors,10
2018-12-23,Dallas Mavericks,Portland Trail Blazers,10
2018-12-23,Memphis Grizzlies,Los Angeles Lakers,10
2018-12-25,Milwaukee Bucks,New York Knicks,11
2018-12-25,Oklahoma City Thunder,Houston Rockets,11
2018-12-25,Philadelphia 76ers,Boston Celtics,11
2018-12-25,Los Angeles Lakers,Golden State Warriors,11
2018-12-25,Portland Trail Blazers,Utah Jazz,11
2018-12-26,Washington Wizards,Detroit Pistons,11
2018-12-26,Phoenix Suns,Orlando Magic,11
2018-12-26,Indiana Pacers,Atlanta Hawks,11
2018-12-26,Charlotte Hornets,Brooklyn Nets,11
2018-12-26,Toronto Raptors,Miami Heat,11
2018-12-26,Minnesota Timberwolves,Chicago Bulls,11
2018-12-26,Cleveland Cavaliers,Memphis Grizzlies,11
2018-12-26,New Orleans Pelicans,Dallas Mavericks,11
2018-12-26,Denver Nuggets,San Antonio Spurs,11
2018-12-26,Sacramento Kings,Los Angeles Clippers,11
2018-12-27,Boston Celtics,Houston Rockets,11
2018-12-27,New York Knicks,Milwaukee Bucks,11
2018-12-27,Los Angeles Lakers,Sacramento Kings,11
2018-12-27,Portland Trail Blazers,Golden State Warriors,11
2018-12-27,Philadelphia 76ers,Utah Jazz,11
2018-12-28,Brooklyn Nets,Charlotte Hornets,11
2018-12-28,Detroit Pistons,Indiana Pacers,11
2018-12-28,Toronto Raptors,Orlando Magic,11
2018-12-28,Chicago Bulls,Washington Wizards,11
2018-12-28,Cleveland Cavaliers,Miami Heat,11
2018-12-28,Atlanta Hawks,Minnesota Timberwolves,11
2018-12-28,Dallas Mavericks,New Orleans Pelicans,11
2018-12-28,San Antonio Spurs,Denver Nuggets,11
2018-12-28,Oklahoma City Thunder,Phoenix Suns,11
2018-12-28,Los Angeles Clippers,Los Angeles Lakers,11
2018-12-29,Brooklyn Nets,Milwaukee Bucks,11
2018-12-29,Houston Rockets,New Orleans Pelicans,11
2018-12-29,Charlotte Hornets,Washington Wizards,11
2018-12-29,Cleveland Cavaliers,Atlanta Hawks,11
2018-12-29,Boston Celtics,Memphis Grizzlies,11
2018-12-29,New York Knicks,Utah Jazz,11
2018-12-29,Denver Nuggets,Phoenix Suns,11
2018-12-29,Golden State Warriors,Portland Trail Blazers,11
2018-12-29,San Antonio Spurs,Los Angeles Clippers,11
2018-12-30,Detroit Pistons,Orlando Magic,11
2018-12-30,Minnesota Timberwolves,Miami Heat,11
2018-12-30,Chicago Bulls,Toronto Raptors,11
2018-12-30,Oklahoma City Thunder,Dallas Mavericks,11
2018-12-30,Philadelphia 76ers,Portland Trail Blazers,11
2018-12-30,Sacramento Kings,Los Angeles Lakers,11
2018-12-31,Atlanta Hawks,Indiana Pacers,12
2018-12-31,Orlando Magic,Charlotte Hornets,12
2018-12-31,Memphis Grizzlies,Houston Rockets,12
2018-12-31,Boston Celtics,San Antonio Spurs,12
2018-12-31,Minnesota Timberwolves,New Orleans Pelicans,12
2018-12-31,Dallas Mavericks,Oklahoma City Thunder,12
2018-12-31,Golden State Warriors,Phoenix Suns,12
2019-01-01,Utah Jazz,Toronto Raptors,12
2019-01-01,Detroit Pistons,Milwaukee Bucks,12
2019-01-01,New York Knicks,Denver Nuggets,12
2019-01-01,Portland Trail Blazers,Sacramento Kings,12
2019-01-01,Philadelphia 76ers,Los Angeles Clippers,12
2019-01-02,Dallas Mavericks,Charlotte Hornets,12
2019-01-02,Miami Heat,Cleveland Cavaliers,12
2019-01-02,Atlanta Hawks,Washington Wizards,12
2019-01-02,New Orleans Pelicans,Brooklyn Nets,12
2019-01-02,Minnesota Timberwolves,Boston Celtics,12
2019-01-02,Orlando Magic,Chicago Bulls,12
2019-01-02,Detroit Pistons,Memphis Grizzlies,12
2019-01-02,Philadelphia 76ers,Phoenix Suns,12
2019-01-02,Oklahoma City Thunder,Los Angeles Lakers,12
2019-01-03,Toronto Raptors,San Antonio Spurs,12
2019-01-03,Denver Nuggets,Sacramento Kings,12
2019-01-03,Houston Rockets,Golden State Warriors,12
2019-01-04,Utah Jazz,Cleveland Cavaliers,12
2019-01-04,Dallas Mavericks,Boston Celtics,12
2019-01-04,Indiana Pacers,Chicago Bulls,12
2019-01-04,Brooklyn Nets,Memphis Grizzlies,12
2019-01-04,Washington Wizards,Miami Heat,12
2019-01-04,Orlando Magic,Minnesota Timberwolves,12
2019-01-04,Atlanta Hawks,Milwaukee Bucks,12
2019-01-04,Los Angeles Clippers,Phoenix Suns,12
2019-01-04,New York Knicks,Los Angeles Lakers,12
2019-01-04,Oklahoma City Thunder,Portland Trail Blazers,12
2019-01-05,Charlotte Hornets,Denver Nuggets,12
2019-01-05,Utah Jazz,Detroit Pistons,12
2019-01-05,Dallas Mavericks,Philadelphia 76ers,12
2019-01-05,New Orleans Pelicans,Cleveland Cavaliers,12
2019-01-05,Toronto Raptors,Milwaukee Bucks,12
2019-01-05,Memphis Grizzlies,San Antonio Spurs,12
2019-01-05,Houston Rockets,Portland Trail Blazers,12
2019-01-05,Golden State Warriors,Sacramento Kings,12
2019-01-06,Brooklyn Nets,Chicago Bulls,12
2019-01-06,Orlando Magic,Los Angeles Clippers,12
2019-01-06,Los Angeles Lakers,Minnesota Timberwolves,12
2019-01-06,Miami Heat,Atlanta Hawks,12
2019-01-06,Washington Wizards,Oklahoma City Thunder,12
2019-01-06,Indiana Pacers,Toronto Raptors,12
2019-01-06,Charlotte Hornets,Phoenix Suns,12
2019-01-07,San Antonio Spurs,Detroit Pistons,13
2019-01-07,Brooklyn Nets,Boston Celtics,13
2019-01-07,Denver Nuggets,Houston Rockets,13
2019-01-07,Utah Jazz,Milwaukee Bucks,13
2019-01-07,Memphis Grizzlies,New Orleans Pelicans,13
2019-01-07,Los Angeles Lakers,Dallas Mavericks,13
2019-01-07,New York Knicks,Portland Trail Blazers,13
2019-01-07,Orlando Magic,Sacramento Kings,13
2019-01-08,Indiana Pacers,Cleveland Cavaliers,13
2019-01-08,Washington Wizards,Philadelphia 76ers,13
2019-01-08,Denver Nuggets,Miami Heat,13
2019-01-08,Atlanta Hawks,Toronto Raptors,13
2019-01-08,Minnesota Timberwolves,Oklahoma City Thunder,13
2019-01-08,Sacramento Kings,Phoenix Suns,13
2019-01-08,New York Knicks,Golden State Warriors,13
2019-01-08,Charlotte Hornets,Los Angeles Clippers,13
2019-01-09,Indiana Pacers,Boston Celtics,13
2019-01-09,Philadelphia 76ers,Washington Wizards,13
2019-01-09,Atlanta Hawks,Brooklyn Nets,13
2019-01-09,Milwaukee Bucks,Houston Rockets,13
2019-01-09,San Antonio Spurs,Memphis Grizzlies,13
2019-01-09,Cleveland Cavaliers,New Orleans Pelicans,13
2019-01-09,Phoenix Suns,Dallas Mavericks,13
2019-01-09,Orlando Magic,Utah Jazz,13
2019-01-09,Chicago Bulls,Portland Trail Blazers,13
2019-01-09,Detroit Pistons,Los Angeles Lakers,13
2019-01-10,Boston Celtics,Miami Heat,13
2019-01-10,Los Angeles Clippers,Denver Nuggets,13
2019-01-10,Oklahoma City Thunder,San Antonio Spurs,13
2019-01-10,Detroit Pistons,Sacramento Kings,13
2019-01-11,Atlanta Hawks,Philadelphia 76ers,13
2019-01-11,Milwaukee Bucks,Washington Wizards,13
2019-01-11,Indiana Pacers,New York Knicks,13
2019-01-11,Brooklyn Nets,Toronto Raptors,13
2019-01-11,Cleveland Cavaliers,Houston Rockets,13
2019-01-11,Dallas Mavericks,Minnesota Timberwolves,13
2019-01-11,Charlotte Hornets,Portland Trail Blazers,13
2019-01-11,Los Angeles Lakers,Utah Jazz,13
2019-01-11,Chicago Bulls,Golden State Warriors,13
2019-01-12,Detroit Pistons,Los Angeles Clippers,13
2019-01-12,Memphis Grizzlies,Miami Heat,13
2019-01-12,Boston Celtics,Orlando Magic,13
2019-01-12,New Orleans Pelicans,Minnesota Timberwolves,13
2019-01-12,San Antonio Spurs,Oklahoma City Thunder,13
2019-01-12,Denver Nuggets,Phoenix Suns,13
2019-01-12,Charlotte Hornets,Sacramento Kings,13
2019-01-12,Chicago Bulls,Utah Jazz,13
2019-01-13,Philadelphia 76ers,New York Knicks,13
2019-01-13,Toronto Raptors,Washington Wizards,13
2019-01-13,Milwaukee Bucks,Atlanta Hawks,13
2019-01-13,Houston Rockets,Orlando Magic,13
2019-01-13,Golden State Warriors,Dallas Mavericks,13
2019-01-13,Portland Trail Blazers,Denver Nuggets,13
2019-01-13,Cleveland Cavaliers,Los Angeles Lakers,13
2019-01-14,Boston Celtics,Brooklyn Nets,14
2019-01-14,Memphis Grizzlies,Houston Rockets,14
2019-01-14,Charlotte Hornets,San Antonio Spurs,14
2019-01-14,Detroit Pistons,Utah Jazz,14
2019-01-14,Portland Trail Blazers,Sacramento Kings,14
2019-01-14,New Orleans Pelicans,Los Angeles Clippers,14
2019-01-15,Phoenix Suns,Indiana Pacers,14
2019-01-15,Minnesota Timberwolves,Philadelphia 76ers,14
2019-01-15,Oklahoma City Thunder,Atlanta Hawks,14
2019-01-15,Miami Heat,Milwaukee Bucks,14
2019-01-15,Golden State Warriors,Denver Nuggets,14
2019-01-15,Chicago Bulls,Los Angeles Lakers,14
2019-01-16,Orlando Magic,Detroit Pistons,14
2019-01-16,Toronto Raptors,Boston Celtics,14
2019-01-16,Brooklyn Nets,Houston Rockets,14
2019-01-16,Milwaukee Bucks,Memphis Grizzlies,14
2019-01-16,San Antonio Spurs,Dallas Mavericks,14
2019-01-16,Cleveland Cavaliers,Portland Trail Blazers,14
2019-01-16,New Orleans Pelicans,Golden State Warriors,14
2019-01-16,Utah Jazz,Los Angeles Clippers,14
2019-01-17,New York Knicks,Washington Wizards,14
2019-01-17,Sacramento Kings,Charlotte Hornets,14
2019-01-17,Philadelphia 76ers,Indiana Pacers,14
2019-01-17,Phoenix Suns,Toronto Raptors,14
2019-01-17,Chicago Bulls,Denver Nuggets,14
2019-01-17,Los Angeles Lakers,Oklahoma City Thunder,14
2019-01-18,Memphis Grizzlies,Boston Celtics,14
2019-01-18,Miami Heat,Detroit Pistons,14
2019-01-18,Brooklyn Nets,Orlando Magic,14
2019-01-18,San Antonio Spurs,Minnesota Timberwolves,14
2019-01-18,Cleveland Cavaliers,Utah Jazz,14
2019-01-18,Golden State Warriors,Los Angeles Clippers,14
2019-01-18,New Orleans Pelicans,Portland Trail Blazers,14
2019-01-19,Oklahoma City Thunder,Philadelphia 76ers,14
2019-01-19,Phoenix Suns,Charlotte Hornets,14
2019-01-19,Sacramento Kings,Detroit Pistons,14
2019-01-19,Dallas Mavericks,Indiana Pacers,14
2019-01-19,Milwaukee Bucks,Orlando Magic,14
2019-01-19,Boston Celtics,Atlanta Hawks,14
2019-01-19,Memphis Grizzlies,Toronto Raptors,14
2019-01-19,Miami Heat,Chicago Bulls,14
2019-01-19,Los Angeles Lakers,Houston Rockets,14
2019-01-19,Cleveland Cavaliers,Denver Nuggets,14
2019-01-20,Charlotte Hornets,Indiana Pacers,14
2019-01-20,Phoenix Suns,Minnesota Timberwolves,14
2019-01-20,Los Angeles Clippers,San Antonio Spurs,14
2019-01-21,Oklahoma City Thunder,New York Knicks,15
2019-01-21,Chicago Bulls,Cleveland Cavaliers,15
2019-01-21,Dallas Mavericks,Milwaukee Bucks,15
2019-01-21,Detroit Pistons,Washington Wizards,15
2019-01-21,Orlando Magic,Atlanta Hawks,15
2019-01-21,Sacramento Kings,Brooklyn Nets,15
2019-01-21,New Orleans Pelicans,Memphis Grizzlies,15
2019-01-21,Miami Heat,Boston Celtics,15
2019-01-21,Houston Rockets,Philadelphia 76ers,15
2019-01-21,Portland Trail Blazers,Utah Jazz,15
2019-01-21,Golden State Warriors,Los Angeles Lakers,15
2019-01-22,Sacramento Kings,Toronto Raptors,15
2019-01-22,Portland Trail Blazers,Oklahoma City Thunder,15
2019-01-22,Los Angeles Clippers,Dallas Mavericks,15
2019-01-22,Minnesota Timberwolves,Phoenix Suns,15
2019-01-23,Toronto Raptors,Indiana Pacers,15
2019-01-23,Cleveland Cavaliers,Boston Celtics,15
2019-01-23,Orlando Magic,Brooklyn Nets,15
2019-01-23,Los Angeles Clippers,Miami Heat,15
2019-01-23,Houston Rockets,New York Knicks,15
2019-01-23,Atlanta Hawks,Chicago Bulls,15
2019-01-23,Charlotte Hornets,Memphis Grizzlies,15
2019-01-23,Detroit Pistons,New Orleans Pelicans,15
2019-01-23,San Antonio Spurs,Philadelphia 76ers,15
2019-01-23,Denver Nuggets,Utah Jazz,15
2019-01-24,New Orleans Pelicans,Oklahoma City Thunder,15
2019-01-24,Golden State Warriors,Washington Wizards,15
2019-01-24,Portland Trail Blazers,Phoenix Suns,15
2019-01-24,Minnesota Timberwolves,Los Angeles Lakers,15
2019-01-25,Washington Wizards,Orlando Magic,15
2019-01-25,New York Knicks,Brooklyn Nets,15
2019-01-25,Miami Heat,Cleveland Cavaliers,15
2019-01-25,Los Angeles Clippers,Chicago Bulls,15
2019-01-25,Toronto Raptors,Houston Rockets,15
2019-01-25,Sacramento Kings,Memphis Grizzlies,15
2019-01-25,Detroit Pistons,Dallas Mavericks,15
2019-01-25,Charlotte Hornets,Milwaukee Bucks,15
2019-01-25,Phoenix Suns,Denver Nuggets,15
2019-01-25,Minnesota Timberwolves,Utah Jazz,15
2019-01-26,San Antonio Spurs,New Orleans Pelicans,15
2019-01-26,Indiana Pacers,Memphis Grizzlies,15
2019-01-26,Golden State Warriors,Boston Celtics,15
2019-01-26,Philadelphia 76ers,Denver Nuggets,15
2019-01-26,Atlanta Hawks,Portland Trail Blazers,15
2019-01-27,Cleveland Cavaliers,Chicago Bulls,15
2019-01-27,Sacramento Kings,Los Angeles Clippers,15
2019-01-27,Milwaukee Bucks,Oklahoma City Thunder,15
2019-01-27,Toronto Raptors,Dallas Mavericks,15
2019-01-27,Orlando Magic,Houston Rockets,15
2019-01-27,Utah Jazz,Minnesota Timberwolves,15
2019-01-27,Washington Wizards,San Antonio Spurs,15
2019-01-27,Miami Heat,New York Knicks,15
2019-01-27,Phoenix Suns,Los Angeles Lakers,15
2019-01-28,New York Knicks,Charlotte Hornets,16
2019-01-28,Golden State Warriors,Indiana Pacers,16
2019-01-28,Brooklyn Nets,Boston Celtics,16
2019-01-28,Denver Nuggets,Memphis Grizzlies,16
2019-01-28,Atlanta Hawks,Los Angeles Clippers,16
2019-01-29,Washington Wizards,Cleveland Cavaliers,16
2019-01-29,Milwaukee Bucks,Detroit Pistons,16
2019-01-29,Oklahoma City Thunder,Orlando Magic,16
2019-01-29,Chicago Bulls,Brooklyn Nets,16
2019-01-29,New Orleans Pelicans,Houston Rockets,16
2019-01-29,Phoenix Suns,San Antonio Spurs,16
2019-01-29,Philadelphia 76ers,Los Angeles Lakers,16
2019-01-30,Charlotte Hornets,Boston Celtics,16
2019-01-30,Chicago Bulls,Miami Heat,16
2019-01-30,Dallas Mavericks,New York Knicks,16
2019-01-30,Memphis Grizzlies,Minnesota Timberwolves,16
2019-01-30,Denver Nuggets,New Orleans Pelicans,16
2019-01-30,Indiana Pacers,Washington Wizards,16
2019-01-30,Atlanta Hawks,Sacramento Kings,16
2019-01-30,Utah Jazz,Portland Trail Blazers,16
2019-01-31,Dallas Mavericks,Detroit Pistons,16
2019-01-31,Indiana Pacers,Orlando Magic,16
2019-01-31,Milwaukee Bucks,Toronto Raptors,16
2019-01-31,Brooklyn Nets,San Antonio Spurs,16
2019-01-31,Philadelphia 76ers,Golden State Warriors,16
2019-01-31,Los Angeles Lakers,Los Angeles Clippers,16
2019-02-01,Memphis Grizzlies,Charlotte Hornets,16
2019-02-01,Boston Celtics,New York Knicks,16
2019-02-01,Oklahoma City Thunder,Miami Heat,16
2019-02-01,Atlanta Hawks,Utah Jazz,16
2019-02-01,Houston Rockets,Denver Nuggets,16
2019-02-02,Los Angeles Clippers,Detroit Pistons,16
2019-02-02,Chicago Bulls,Charlotte Hornets,16
2019-02-02,Brooklyn Nets,Orlando Magic,16
2019-02-02,Milwaukee Bucks,Washington Wizards,16
2019-02-02,Dallas Mavericks,Cleveland Cavaliers,16
2019-02-02,Indiana Pacers,Miami Heat,16
2019-02-02,Los Angeles Lakers,Golden State Warriors,16
2019-02-02,New Orleans Pelicans,San Antonio Spurs,16
2019-02-02,Denver Nuggets,Minnesota Timberwolves,16
2019-02-02,Atlanta Hawks,Phoenix Suns,16
2019-02-02,Houston Rockets,Utah Jazz,16
2019-02-02,Philadelphia 76ers,Sacramento Kings,16
2019-02-03,Memphis Grizzlies,New York Knicks,16
2019-02-03,Oklahoma City Thunder,Boston Celtics,16
2019-02-03,Los Angeles Clippers,Toronto Raptors,16
2019-02-04,Denver Nuggets,Detroit Pistons,17
2019-02-04,Atlanta Hawks,Washington Wizards,17
2019-02-04,Milwaukee Bucks,Brooklyn Nets,17
2019-02-04,Indiana Pacers,New Orleans Pelicans,17
2019-02-04,Houston Rockets,Phoenix Suns,17
2019-02-04,San Antonio Spurs,Sacramento Kings,17
2019-02-05,Los Angeles Clippers,Charlotte Hornets,17
2019-02-05,Boston Celtics,Cleveland Cavaliers,17
2019-02-05,Los Angeles Lakers,Indiana Pacers,17
2019-02-05,Detroit Pistons,New York Knicks,17
2019-02-05,Minnesota Timberwolves,Memphis Grizzlies,17
2019-02-05,Orlando Magic,Oklahoma City Thunder,17
2019-02-05,Toronto Raptors,Philadelphia 76ers,17
2019-02-05,Miami Heat,Portland Trail Blazers,17
2019-02-06,Denver Nuggets,Brooklyn Nets,17
2019-02-06,New Orleans Pelicans,Chicago Bulls,17
2019-02-06,Washington Wizards,Milwaukee Bucks,17
2019-02-06,Charlotte Hornets,Dallas Mavericks,17
2019-02-06,Phoenix Suns,Utah Jazz,17
2019-02-06,Houston Rockets,Sacramento Kings,17
2019-02-06,San Antonio Spurs,Golden State Warriors,17
2019-02-07,Los Angeles Clippers,Indiana Pacers,17
2019-02-07,Minnesota Timberwolves,Orlando Magic,17
2019-02-07,Toronto Raptors,Atlanta Hawks,17
2019-02-07,Los Angeles Lakers,Boston Celtics,17
2019-02-07,Memphis Grizzlies,Oklahoma City Thunder,17
2019-02-07,San Antonio Spurs,Portland Trail Blazers,17
2019-02-08,New York Knicks,Detroit Pistons,17
2019-02-08,Denver Nuggets,Philadelphia 76ers,17
2019-02-08,Cleveland Cavaliers,Washington Wizards,17
2019-02-08,Chicago Bulls,Brooklyn Nets,17
2019-02-08,Milwaukee Bucks,Dallas Mavericks,17
2019-02-08,Golden State Warriors,Phoenix Suns,17
2019-02-08,Minnesota Timberwolves,New Orleans Pelicans,17
2019-02-08,Miami Heat,Sacramento Kings,17
2019-02-09,San Antonio Spurs,Utah Jazz,17
2019-02-09,Cleveland Cavaliers,Indiana Pacers,17
2019-02-09,Charlotte Hornets,Atlanta Hawks,17
2019-02-09,Toronto Raptors,New York Knicks,17
2019-02-09,Los Angeles Clippers,Boston Celtics,17
2019-02-09,Washington Wizards,Chicago Bulls,17
2019-02-09,New Orleans Pelicans,Memphis Grizzlies,17
2019-02-09,Oklahoma City Thunder,Houston Rockets,17
2019-02-09,Orlando Magic,Milwaukee Bucks,17
2019-02-10,Portland Trail Blazers,Dallas Mavericks,17
2019-02-10,Los Angeles Lakers,Philadelphia 76ers,17
2019-02-10,Phoenix Suns,Sacramento Kings,17
2019-02-10,Orlando Magic,Atlanta Hawks,17
2019-02-10,Miami Heat,Golden State Warriors,17
2019-02-11,New York Knicks,Cleveland Cavaliers,18
2019-02-11,Washington Wizards,Detroit Pistons,18
2019-02-11,Charlotte Hornets,Indiana Pacers,18
2019-02-11,Brooklyn Nets,Toronto Raptors,18
2019-02-11,Milwaukee Bucks,Chicago Bulls,18
2019-02-11,Dallas Mavericks,Houston Rockets,18
2019-02-11,Los Angeles Clippers,Minnesota Timberwolves,18
2019-02-11,Portland Trail Blazers,Oklahoma City Thunder,18
2019-02-11,Miami Heat,Denver Nuggets,18
2019-02-12,Los Angeles Lakers,Atlanta Hawks,18
2019-02-12,San Antonio Spurs,Memphis Grizzlies,18
2019-02-12,Orlando Magic,New Orleans Pelicans,18
2019-02-12,Boston Celtics,Philadelphia 76ers,18
2019-02-12,Utah Jazz,Golden State Warriors,18
2019-02-13,Brooklyn Nets,Cleveland Cavaliers,18
2019-02-13,Milwaukee Bucks,Indiana Pacers,18
2019-02-13,Detroit Pistons,Boston Celtics,18
2019-02-13,Philadelphia 76ers,New York Knicks,18
2019-02-13,Washington Wizards,Toronto Raptors,18
2019-02-13,Memphis Grizzlies,Chicago Bulls,18
2019-02-13,Houston Rockets,Minnesota Timberwolves,18
2019-02-13,Miami Heat,Dallas Mavericks,18
2019-02-13,Sacramento Kings,Denver Nuggets,18
2019-02-13,Phoenix Suns,Los Angeles Clippers,18
2019-02-13,Golden State Warriors,Portland Trail Blazers,18
2019-02-14,Charlotte Hornets,Orlando Magic,18
2019-02-14,New York Knicks,Atlanta Hawks,18
2019-02-14,Oklahoma City Thunder,New Orleans Pelicans,18
2019-02-21,Phoenix Suns,Cleveland Cavaliers,19
2019-02-21,Miami Heat,Philadelphia 76ers,19
2019-02-21,Portland Trail Blazers,Brooklyn Nets,19
2019-02-21,Boston Celtics,Milwaukee Bucks,19
2019-02-21,Sacramento Kings,Golden State Warriors,19
2019-02-21,Houston Rockets,Los Angeles Lakers,19
2019-02-22,Washington Wizards,Charlotte Hornets,19
2019-02-22,New Orleans Pelicans,Indiana Pacers,19
2019-02-22,Chicago Bulls,Orlando Magic,19
2019-02-22,San Antonio Spurs,Toronto Raptors,19
2019-02-22,Detroit Pistons,Atlanta Hawks,19
2019-02-22,Minnesota Timberwolves,New York Knicks,19
2019-02-22,Los Angeles Clippers,Memphis Grizzlies,19
2019-02-22,Denver Nuggets,Dallas Mavericks,19
2019-02-22,Utah Jazz,Oklahoma City Thunder,19
2019-02-23,Portland Trail Blazers,Philadelphia 76ers,19
2019-02-23,Phoenix Suns,Atlanta Hawks,19
2019-02-23,Brooklyn Nets,Charlotte Hornets,19
2019-02-23,Memphis Grizzlies,Cleveland Cavaliers,19
2019-02-23,Los Angeles Lakers,New Orleans Pelicans,19
2019-02-23,Indiana Pacers,Washington Wizards,19
2019-02-23,Detroit Pistons,Miami Heat,19
2019-02-23,Boston Celtics,Chicago Bulls,19
2019-02-23,Sacramento Kings,Oklahoma City Thunder,19
2019-02-23,Houston Rockets,Golden State Warriors,19
2019-02-23,Minnesota Timberwolves,Milwaukee Bucks,19
2019-02-23,Dallas Mavericks,Utah Jazz,19
2019-02-24,Orlando Magic,Toronto Raptors,19
2019-02-24,Los Angeles Clippers,Denver Nuggets,19
2019-02-24,San Antonio Spurs,New York Knicks,19
2019-02-25,Golden State Warriors,Charlotte Hornets,20
2019-02-25,Portland Trail Blazers,Cleveland Cavaliers,20
2019-02-25,Indiana Pacers,Detroit Pistons,20
2019-02-25,San Antonio Spurs,Brooklyn Nets,20
2019-02-25,Phoenix Suns,Miami Heat,20
2019-02-25,Milwaukee Bucks,Chicago Bulls,20
2019-02-25,Atlanta Hawks,Houston Rockets,20
2019-02-25,Los Angeles Lakers,Memphis Grizzlies,20
2019-02-25,Sacramento Kings,Minnesota Timberwolves,20
2019-02-25,Philadelphia 76ers,New Orleans Pelicans,20
2019-02-25,Dallas Mavericks,Los Angeles Clippers,20
2019-02-26,Orlando Magic,New York Knicks,20
2019-02-26,Boston Celtics,Toronto Raptors,20
2019-02-26,Oklahoma City Thunder,Denver Nuggets,20
2019-02-27,Houston Rockets,Charlotte Hornets,20
2019-02-27,Minnesota Timberwolves,Atlanta Hawks,20
2019-02-27,Washington Wizards,Brooklyn Nets,20
2019-02-27,Golden State Warriors,Miami Heat,20
2019-02-27,Portland Trail Blazers,Boston Celtics,20
2019-02-27,Chicago Bulls,Memphis Grizzlies,20
2019-02-27,Indiana Pacers,Dallas Mavericks,20
2019-02-27,Detroit Pistons,San Antonio Spurs,20
2019-02-27,Los Angeles Clippers,Utah Jazz,20
2019-02-27,Milwaukee Bucks,Sacramento Kings,20
2019-02-27,New Orleans Pelicans,Los Angeles Lakers,20
2019-02-28,Minnesota Timberwolves,Indiana Pacers,20
2019-02-28,Golden State Warriors,Orlando Magic,20
2019-02-28,Cleveland Cavaliers,New York Knicks,20
2019-02-28,Miami Heat,Houston Rockets,20
2019-02-28,Philadelphia 76ers,Oklahoma City Thunder,20
2019-02-28,Utah Jazz,Denver Nuggets,20
2019-03-01,Chicago Bulls,Atlanta Hawks,20
2019-03-01,Charlotte Hornets,Brooklyn Nets,20
2019-03-01,Washington Wizards,Boston Celtics,20
2019-03-01,Portland Trail Blazers,Toronto Raptors,20
2019-03-01,New Orleans Pelicans,Phoenix Suns,20
2019-03-01,Los Angeles Clippers,Sacramento Kings,20
2019-03-01,Milwaukee Bucks,Los Angeles Lakers,20
2019-03-02,Detroit Pistons,Cleveland Cavaliers,20
2019-03-02,Orlando Magic,Indiana Pacers,20
2019-03-02,Brooklyn Nets,Miami Heat,20
2019-03-02,Memphis Grizzlies,Dallas Mavericks,20
2019-03-02,Golden State Warriors,Philadelphia 76ers,20
2019-03-02,Oklahoma City Thunder,San Antonio Spurs,20
2019-03-02,New Orleans Pelicans,Denver Nuggets,20
2019-03-02,Los Angeles Lakers,Phoenix Suns,20
2019-03-02,Milwaukee Bucks,Utah Jazz,20
2019-03-03,Portland Trail Blazers,Charlotte Hornets,20
2019-03-03,Houston Rockets,Boston Celtics,20
2019-03-03,Atlanta Hawks,Chicago Bulls,20
2019-03-03,New York Knicks,Los Angeles Clippers,20
2019-03-03,Orlando Magic,Cleveland Cavaliers,20
2019-03-03,Toronto Raptors,Detroit Pistons,20
2019-03-03,Minnesota Timberwolves,Washington Wizards,20
2019-03-03,Memphis Grizzlies,Oklahoma City Thunder,20
2019-03-04,Dallas Mavericks,Brooklyn Nets,21
2019-03-04,Atlanta Hawks,Miami Heat,21
2019-03-04,Denver Nuggets,San Antonio Spurs,21
2019-03-04,Milwaukee Bucks,Phoenix Suns,21
2019-03-04,New Orleans Pelicans,Utah Jazz,21
2019-03-04,New York Knicks,Sacramento Kings,21
2019-03-04,Los Angeles Clippers,Los Angeles Lakers,21
2019-03-05,Chicago Bulls,Indiana Pacers,21
2019-03-05,Orlando Magic,Philadelphia 76ers,21
2019-03-05,Portland Trail Blazers,Memphis Grizzlies,21
2019-03-05,Oklahoma City Thunder,Minnesota Timberwolves,21
2019-03-05,Houston Rockets,Toronto Raptors,21
2019-03-05,Boston Celtics,Golden State Warriors,21
2019-03-06,Miami Heat,Charlotte Hornets,21
2019-03-06,Minnesota Timberwolves,Detroit Pistons,21
2019-03-06,Dallas Mavericks,Washington Wizards,21
2019-03-06,San Antonio Spurs,Atlanta Hawks,21
2019-03-06,Cleveland Cavaliers,Brooklyn Nets,21
2019-03-06,Philadelphia 76ers,Chicago Bulls,21
2019-03-06,Utah Jazz,New Orleans Pelicans,21
2019-03-06,New York Knicks,Phoenix Suns,21
2019-03-06,Boston Celtics,Sacramento Kings,21
2019-03-06,Denver Nuggets,Los Angeles Lakers,21
2019-03-07,Indiana Pacers,Milwaukee Bucks,21
2019-03-07,Oklahoma City Thunder,Portland Trail Blazers,21
2019-03-08,Washington Wizards,Charlotte Hornets,21
2019-03-08,Dallas Mavericks,Orlando Magic,21
2019-03-08,Detroit Pistons,Chicago Bulls,21
2019-03-08,Philadelphia 76ers,Houston Rockets,21
2019-03-08,Utah Jazz,Memphis Grizzlies,21
2019-03-08,Cleveland Cavaliers,Miami Heat,21
2019-03-08,Toronto Raptors,New Orleans Pelicans,21
2019-03-08,Denver Nuggets,Golden State Warriors,21
2019-03-08,Oklahoma City Thunder,Los Angeles Clippers,21
2019-03-09,Sacramento Kings,New York Knicks,21
2019-03-09,Brooklyn Nets,Atlanta Hawks,21
2019-03-09,Washington Wizards,Minnesota Timberwolves,21
2019-03-09,Boston Celtics,Los Angeles Lakers,21
2019-03-09,Charlotte Hornets,Milwaukee Bucks,21
2019-03-09,Phoenix Suns,Portland Trail Blazers,21
2019-03-10,Chicago Bulls,Detroit Pistons,21
2019-03-10,Toronto Raptors,Miami Heat,21
2019-03-10,Indiana Pacers,Philadelphia 76ers,21
2019-03-10,New Orleans Pelicans,Atlanta Hawks,21
2019-03-10,Orlando Magic,Memphis Grizzlies,21
2019-03-10,Houston Rockets,Dallas Mavericks,21
2019-03-10,New York Knicks,Minnesota Timberwolves,21
2019-03-10,Milwaukee Bucks,San Antonio Spurs,21
2019-03-10,Phoenix Suns,Golden State Warriors,21
2019-03-11,Toronto Raptors,Cleveland Cavaliers,22
2019-03-11,Sacramento Kings,Washington Wizards,22
2019-03-11,Detroit Pistons,Brooklyn Nets,22
2019-03-11,Charlotte Hornets,Houston Rockets,22
2019-03-11,Oklahoma City Thunder,Utah Jazz,22
2019-03-11,Boston Celtics,Los Angeles Clippers,22
2019-03-12,New York Knicks,Indiana Pacers,22
2019-03-12,Cleveland Cavaliers,Philadelphia 76ers,22
2019-03-12,Los Angeles Lakers,Chicago Bulls,22
2019-03-12,San Antonio Spurs,Dallas Mavericks,22
2019-03-12,Milwaukee Bucks,New Orleans Pelicans,22
2019-03-12,Minnesota Timberwolves,Denver Nuggets,22
2019-03-12,Portland Trail Blazers,Los Angeles Clippers,22
2019-03-13,Brooklyn Nets,Oklahoma City Thunder,22
2019-03-13,Orlando Magic,Washington Wizards,22
2019-03-13,Memphis Grizzlies,Atlanta Hawks,22
2019-03-13,Detroit Pistons,Miami Heat,22
2019-03-13,Golden State Warriors,Houston Rockets,22
2019-03-13,Utah Jazz,Phoenix Suns,22
2019-03-14,Oklahoma City Thunder,Indiana Pacers,22
2019-03-14,Cleveland Cavaliers,Orlando Magic,22
2019-03-14,Sacramento Kings,Boston Celtics,22
2019-03-14,Los Angeles Lakers,Toronto Raptors,22
2019-03-14,Minnesota Timberwolves,Utah Jazz,22
2019-03-14,Dallas Mavericks,Denver Nuggets,22
2019-03-15,Los Angeles Lakers,Detroit Pistons,22
2019-03-15,Sacramento Kings,Philadelphia 76ers,22
2019-03-15,Charlotte Hornets,Washington Wizards,22
2019-03-15,Phoenix Suns,Houston Rockets,22
2019-03-15,Milwaukee Bucks,Miami Heat,22
2019-03-15,Portland Trail Blazers,New Orleans Pelicans,22
2019-03-15,New York Knicks,San Antonio Spurs,22
2019-03-15,Chicago Bulls,Los Angeles Clippers,22
2019-03-16,Atlanta Hawks,Boston Celtics,22
2019-03-16,Phoenix Suns,New Orleans Pelicans,22
2019-03-16,Memphis Grizzlies,Washington Wizards,22
2019-03-16,Cleveland Cavaliers,Dallas Mavericks,22
2019-03-16,Golden State Warriors,Oklahoma City Thunder,22
2019-03-16,Portland Trail Blazers,San Antonio Spurs,22
2019-03-16,Indiana Pacers,Denver Nuggets,22
2019-03-16,Brooklyn Nets,Utah Jazz,22
2019-03-17,Los Angeles Lakers,New York Knicks,22
2019-03-17,Charlotte Hornets,Miami Heat,22
2019-03-17,Philadelphia 76ers,Milwaukee Bucks,22
2019-03-17,Toronto Raptors,Detroit Pistons,22
2019-03-17,Atlanta Hawks,Orlando Magic,22
2019-03-17,Chicago Bulls,Sacramento Kings,22
2019-03-17,Minnesota Timberwolves,Houston Rockets,22
2019-03-17,Brooklyn Nets,Los Angeles Clippers,22
2019-03-18,Detroit Pistons,Cleveland Cavaliers,23
2019-03-18,Utah Jazz,Washington Wizards,23
2019-03-18,Denver Nuggets,Boston Celtics,23
2019-03-18,New York Knicks,Toronto Raptors,23
2019-03-18,Miami Heat,Oklahoma City Thunder,23
2019-03-18,Golden State Warriors,San Antonio Spurs,23
2019-03-18,New Orleans Pelicans,Dallas Mavericks,23
2019-03-18,Chicago Bulls,Phoenix Suns,23
2019-03-18,Indiana Pacers,Portland Trail Blazers,23
2019-03-19,Philadelphia 76ers,Charlotte Hornets,23
2019-03-19,Houston Rockets,Atlanta Hawks,23
2019-03-19,Los Angeles Lakers,Milwaukee Bucks,23
2019-03-19,Golden State Warriors,Minnesota Timberwolves,23
2019-03-19,Brooklyn Nets,Sacramento Kings,23
2019-03-19,Indiana Pacers,Los Angeles Clippers,23
2019-03-20,Milwaukee Bucks,Cleveland Cavaliers,23
2019-03-20,New Orleans Pelicans,Orlando Magic,23
2019-03-20,Boston Celtics,Philadelphia 76ers,23
2019-03-20,Utah Jazz,New York Knicks,23
2019-03-20,Washington Wizards,Chicago Bulls,23
2019-03-20,Houston Rockets,Memphis Grizzlies,23
2019-03-20,Miami Heat,San Antonio Spurs,23
2019-03-20,Toronto Raptors,Oklahoma City Thunder,23
2019-03-20,Dallas Mavericks,Portland Trail Blazers,23
2019-03-21,Minnesota Timberwolves,Charlotte Hornets,23
2019-03-21,Denver Nuggets,Washington Wizards,23
2019-03-21,Utah Jazz,Atlanta Hawks,23
2019-03-21,Detroit Pistons,Phoenix Suns,23
2019-03-21,Dallas Mavericks,Sacramento Kings,23
2019-03-21,Indiana Pacers,Golden State Warriors,23
2019-03-22,Memphis Grizzlies,Orlando Magic,23
2019-03-22,Los Angeles Clippers,Cleveland Cavaliers,23
2019-03-22,Denver Nuggets,New York Knicks,23
2019-03-22,Oklahoma City Thunder,Toronto Raptors,23
2019-03-22,San Antonio Spurs,Houston Rockets,23
2019-03-22,Miami Heat,Milwaukee Bucks,23
2019-03-22,Brooklyn Nets,Los Angeles Lakers,23
2019-03-23,Boston Celtics,Charlotte Hornets,23
2019-03-23,Miami Heat,Washington Wizards,23
2019-03-23,Philadelphia 76ers,Atlanta Hawks,23
2019-03-23,Utah Jazz,Chicago Bulls,23
2019-03-23,Minnesota Timberwolves,Memphis Grizzlies,23
2019-03-23,Dallas Mavericks,Golden State Warriors,23
2019-03-23,Detroit Pistons,Portland Trail Blazers,23
2019-03-23,Phoenix Suns,Sacramento Kings,23
2019-03-24,Los Angeles Clippers,New York Knicks,23
2019-03-24,Cleveland Cavaliers,Milwaukee Bucks,23
2019-03-24,Denver Nuggets,Indiana Pacers,23
2019-03-24,Charlotte Hornets,Toronto Raptors,23
2019-03-24,Houston Rockets,New Orleans Pelicans,23
2019-03-24,San Antonio Spurs,Boston Celtics,23
2019-03-24,Detroit Pistons,Golden State Warriors,23
2019-03-24,Sacramento Kings,Los Angeles Lakers,23
2019-03-25,Philadelphia 76ers,Orlando Magic,24
2019-03-25,Oklahoma City Thunder,Memphis Grizzlies,24
2019-03-25,Phoenix Suns,Utah Jazz,24
2019-03-25,Brooklyn Nets,Portland Trail Blazers,24
2019-03-26,San Antonio Spurs,Charlotte Hornets,24
2019-03-26,Boston Celtics,Cleveland Cavaliers,24
2019-03-26,Orlando Magic,Miami Heat,24
2019-03-26,Chicago Bulls,Toronto Raptors,24
2019-03-26,Houston Rockets,Milwaukee Bucks,24
2019-03-26,Los Angeles Clippers,Minnesota Timberwolves,24
2019-03-26,Atlanta Hawks,New Orleans Pelicans,24
2019-03-26,Sacramento Kings,Dallas Mavericks,24
2019-03-26,Detroit Pistons,Denver Nuggets,24
2019-03-26,Washington Wizards,Los Angeles Lakers,24
2019-03-27,Portland Trail Blazers,Chicago Bulls,24
2019-03-27,Golden State Warriors,Memphis Grizzlies,24
2019-03-27,Indiana Pacers,Oklahoma City Thunder,24
2019-03-27,Washington Wizards,Phoenix Suns,24
2019-03-27,Los Angeles Lakers,Utah Jazz,24
2019-03-28,Orlando Magic,Detroit Pistons,24
2019-03-28,Brooklyn Nets,Philadelphia 76ers,24
2019-03-28,Dallas Mavericks,Miami Heat,24
2019-03-28,Toronto Raptors,New York Knicks,24
2019-03-28,Denver Nuggets,Houston Rockets,24
2019-03-28,Los Angeles Clippers,Milwaukee Bucks,24
2019-03-28,Sacramento Kings,New Orleans Pelicans,24
2019-03-28,Cleveland Cavaliers,San Antonio Spurs,24
2019-03-29,Indiana Pacers,Boston Celtics,24
2019-03-29,Portland Trail Blazers,Atlanta Hawks,24
2019-03-29,Golden State Warriors,Minnesota Timberwolves,24
2019-03-29,Denver Nuggets,Oklahoma City Thunder,24
2019-03-29,Washington Wizards,Utah Jazz,24
2019-03-29,Charlotte Hornets,Los Angeles Lakers,24
2019-03-30,Cleveland Cavaliers,Los Angeles Clippers,24
2019-03-30,Boston Celtics,Brooklyn Nets,24
2019-03-30,Sacramento Kings,Houston Rockets,24
2019-03-30,Portland Trail Blazers,Detroit Pistons,24
2019-03-30,Orlando Magic,Indiana Pacers,24
2019-03-30,Miami Heat,New York Knicks,24
2019-03-30,Toronto Raptors,Chicago Bulls,24
2019-03-30,Philadelphia 76ers,Minnesota Timberwolves,24
2019-03-30,Memphis Grizzlies,Phoenix Suns,24
2019-03-31,Milwaukee Bucks,Atlanta Hawks,24
2019-03-31,Dallas Mavericks,Oklahoma City Thunder,24
2019-03-31,Los Angeles Lakers,New Orleans Pelicans,24
2019-03-31,Sacramento Kings,San Antonio Spurs,24
2019-03-31,Washington Wizards,Denver Nuggets,24
2019-03-31,Charlotte Hornets,Golden State Warriors,24
2019-03-31,Memphis Grizzlies,Los Angeles Clippers,24
2019-04-01,Detroit Pistons,Indiana Pacers,25
2019-04-01,Miami Heat,Boston Celtics,25
2019-04-01,Milwaukee Bucks,Brooklyn Nets,25
2019-04-01,Chicago Bulls,New York Knicks,25
2019-04-01,Orlando Magic,Toronto Raptors,25
2019-04-01,Portland Trail Blazers,Minnesota Timberwolves,25
2019-04-01,Philadelphia 76ers,Dallas Mavericks,25
2019-04-01,Charlotte Hornets,Utah Jazz,25
2019-04-01,Cleveland Cavaliers,Phoenix Suns,25
2019-04-02,Los Angeles Lakers,Oklahoma City Thunder,25
2019-04-02,Atlanta Hawks,San Antonio Spurs,25
2019-04-02,Houston Rockets,Sacramento Kings,25
2019-04-02,Denver Nuggets,Golden State Warriors,25
2019-04-03,Indiana Pacers,Detroit Pistons,25
2019-04-03,New York Knicks,Orlando Magic,25
2019-04-03,Chicago Bulls,Washington Wizards,25
2019-04-03,Philadelphia 76ers,Atlanta Hawks,25
2019-04-03,Toronto Raptors,Brooklyn Nets,25
2019-04-03,Boston Celtics,Miami Heat,25
2019-04-03,Charlotte Hornets,New Orleans Pelicans,25
2019-04-03,Minnesota Timberwolves,Dallas Mavericks,25
2019-04-03,San Antonio Spurs,Denver Nuggets,25
2019-04-03,Utah Jazz,Phoenix Suns,25
2019-04-03,Memphis Grizzlies,Portland Trail Blazers,25
2019-04-03,Houston Rockets,Los Angeles Clippers,25
2019-04-04,Milwaukee Bucks,Philadelphia 76ers,25
2019-04-04,Cleveland Cavaliers,Sacramento Kings,25
2019-04-04,Golden State Warriors,Los Angeles Lakers,25
2019-04-05,Toronto Raptors,Charlotte Hornets,25
2019-04-05,Atlanta Hawks,Orlando Magic,25
2019-04-05,San Antonio Spurs,Washington Wizards,25
2019-04-05,New York Knicks,Houston Rockets,25
2019-04-05,Boston Celtics,Indiana Pacers,25
2019-04-05,Miami Heat,Minnesota Timberwolves,25
2019-04-05,Detroit Pistons,Oklahoma City Thunder,25
2019-04-05,Memphis Grizzlies,Dallas Mavericks,25
2019-04-05,Sacramento Kings,Utah Jazz,25
2019-04-05,New Orleans Pelicans,Phoenix Suns,25
2019-04-05,Portland Trail Blazers,Denver Nuggets,25
2019-04-05,Cleveland Cavaliers,Golden State Warriors,25
2019-04-05,Los Angeles Lakers,Los Angeles Clippers,25
2019-04-06,Brooklyn Nets,Milwaukee Bucks,25
2019-04-06,Philadelphia 76ers,Chicago Bulls,25
2019-04-07,Miami Heat,Toronto Raptors,25
2019-04-07,San Antonio Spurs,Cleveland Cavaliers,25
2019-04-07,Oklahoma City Thunder,Minnesota Timberwolves,25
2019-04-07,Charlotte Hornets,Detroit Pistons,25
2019-04-07,Brooklyn Nets,Indiana Pacers,25
2019-04-07,Dallas Mavericks,Memphis Grizzlies,25
2019-04-07,Phoenix Suns,Houston Rockets,25
2019-04-07,Atlanta Hawks,Milwaukee Bucks,25
2019-04-07,Orlando Magic,Boston Celtics,25
2019-04-07,Washington Wizards,New York Knicks,25
2019-04-07,Los Angeles Clippers,Golden State Warriors,25
2019-04-07,Denver Nuggets,Portland Trail Blazers,25
2019-04-07,New Orleans Pelicans,Sacramento Kings,25
2019-04-07,Utah Jazz,Los Angeles Lakers,25
2019-04-09,Charlotte Hornets,Cleveland Cavaliers,26
2019-04-09,Memphis Grizzlies,Detroit Pistons,26
2019-04-09,Boston Celtics,Washington Wizards,26
2019-04-09,Philadelphia 76ers,Miami Heat,26
2019-04-09,New York Knicks,Chicago Bulls,26
2019-04-09,Toronto Raptors,Minnesota Timberwolves,26
2019-04-09,Golden State Warriors,New Orleans Pelicans,26
2019-04-09,Phoenix Suns,Dallas Mavericks,26
2019-04-09,Denver Nuggets,Utah Jazz,26
2019-04-09,Houston Rockets,Oklahoma City Thunder,26
2019-04-09,Portland Trail Blazers,Los Angeles Lakers,26
2019-04-10,Indiana Pacers,Atlanta Hawks,26
2019-04-10,Miami Heat,Brooklyn Nets,26
2019-04-10,Orlando Magic,Charlotte Hornets,26
2019-04-10,Golden State Warriors,Memphis Grizzlies,26
2019-04-10,Oklahoma City Thunder,Milwaukee Bucks,26
2019-04-10,Detroit Pistons,New York Knicks,26
2019-04-10,Chicago Bulls,Philadelphia 76ers,26
2019-04-10,Dallas Mavericks,San Antonio Spurs,26
2019-04-10,Minnesota Timberwolves,Denver Nuggets,26
2019-04-10,Utah Jazz,Los Angeles Clippers,26
2019-04-10,Sacramento Kings,Portland Trail Blazers,26
2019-04-13,Brooklyn Nets,Philadelphia 76ers,26
2019-04-13,Orlando Magic,Toronto Raptors,26
2019-04-13,Los Angeles Clippers,Golden State Warriors,26
2019-04-13,San Antonio Spurs,Denver Nuggets,26
2019-04-14,Indiana Pacers,Boston Celtics,26
2019-04-14,Oklahoma City Thunder,Portland Trail Blazers,26
2019-04-14,Detroit Pistons,Milwaukee Bucks,26
2019-04-14,Utah Jazz,Houston Rockets,26
2019-04-15,Brooklyn Nets,Philadelphia 76ers,26
2019-04-15,Los Angeles Clippers,Golden State Warriors,26
2019-04-16,Orlando Magic,Toronto Raptors,26
2019-04-16,San Antonio Spurs,Denver Nuggets,26
2019-04-16,Oklahoma City Thunder,Portland Trail Blazers,26
2019-04-17,Indiana Pacers,Boston Celtics,26
2019-04-17,Detroit Pistons,Milwaukee Bucks,26
2019-04-17,Utah Jazz,Houston Rockets,26
2019-04-18,Philadelphia 76ers,Brooklyn Nets,26
2019-04-18,Denver Nuggets,San Antonio Spurs,26
2019-04-18,Golden State Warriors,Los Angeles Clippers,26
2019-04-19,Toronto Raptors,Orlando Magic,26
2019-04-19,Boston Celtics,Indiana Pacers,26
2019-04-19,Portland Trail Blazers,Oklahoma City Thunder,26
2019-04-20,Philadelphia 76ers,Brooklyn Nets,26
2019-04-20,Denver Nuggets,San Antonio Spurs,26
2019-04-20,Milwaukee Bucks,Detroit Pistons,26
2019-04-20,Houston Rockets,Utah Jazz,26
2019-04-21,Boston Celtics,Indiana Pacers,26
2019-04-21,Golden State Warriors,Los Angeles Clippers,26
2019-04-21,Toronto Raptors,Orlando Magic,26
2019-04-21,Portland Trail Blazers,Oklahoma City Thunder,26
2019-04-22,Milwaukee Bucks,Detroit Pistons,26
2019-04-22,Houston Rockets,Utah Jazz,26
2019-04-23,Orlando Magic,Toronto Raptors,26
2019-04-23,Brooklyn Nets,Philadelphia 76ers,26
2019-04-23,San Antonio Spurs,Denver Nuggets,26
2019-04-23,Oklahoma City Thunder,Portland Trail Blazers,26
2019-04-24,Utah Jazz,Houston Rockets,26
2019-04-24,Los Angeles Clippers,Golden State Warriors,26
2019-04-25,Denver Nuggets,San Antonio Spurs,26
2019-04-26,Golden State Warriors,Los Angeles Clippers,26
2019-04-27,Philadelphia 76ers,Toronto Raptors,26
2019-04-27,San Antonio Spurs,Denver Nuggets,26
2019-04-28,Boston Celtics,Milwaukee Bucks,26
2019-04-28,Houston Rockets,Golden State Warriors,26
2019-04-29,Philadelphia 76ers,Toronto Raptors,26
2019-04-29,Portland Trail Blazers,Denver Nuggets,26
2019-04-30,Boston Celtics,Milwaukee Bucks,26
2019-04-30,Houston Rockets,Golden State Warriors,26
