ID,Player,Team,Date,Opp,Fantasy_Score,predictions_2019
1,Allen,Brooklyn Nets,10/19/2018,NYK,15,8.94907436
2,Allen,Brooklyn Nets,10/20/2018,IND,8,10.07309276
3,Allen,Brooklyn Nets,10/24/2018,CLE,10,7.943662412
4,Allen,Brooklyn Nets,10/26/2018,NOP,7,9.336803047
5,Allen,Brooklyn Nets,10/28/2018,GSW,11,8.143508297
6,Allen,Brooklyn Nets,10/29/2018,NYK,7,8.891712527
7,Allen,Brooklyn Nets,10/31/2018,DET,14,9.47212022
8,Allen,Brooklyn Nets,11/2/2018,HOU,10,8.87399787
9,Allen,Brooklyn Nets,11/4/2018,PHI,15,8.414608895
10,Allen,Brooklyn Nets,11/6/2018,PHO,10,10.1278629
11,Allen,Brooklyn Nets,11/9/2018,DEN,18,9.056120883
12,Allen,Brooklyn Nets,11/10/2018,GSW,6,8.647026144
13,Allen,Brooklyn Nets,11/16/2018,WAS,16,9.626716773
14,Allen,Brooklyn Nets,11/17/2018,LAC,24,9.145969787
15,Allen,Brooklyn Nets,11/20/2018,MIA,13,10.14432909
16,Allen,Brooklyn Nets,11/21/2018,DAL,6,9.932002931
17,Allen,Brooklyn Nets,11/23/2018,MIN,12,7.498973869
18,Allen,Brooklyn Nets,11/25/2018,PHI,17,8.868124421
19,Allen,Brooklyn Nets,11/28/2018,UTA,14,10.40393981
20,Allen,Brooklyn Nets,11/30/2018,MEM,15,9.274517156
21,Allen,Brooklyn Nets,12/1/2018,WAS,6,11.92353356
22,Allen,Brooklyn Nets,12/3/2018,CLE,11,9.321611544
23,Allen,Brooklyn Nets,12/5/2018,OKC,15,7.628698582
24,Allen,Brooklyn Nets,12/7/2018,TOR,12,9.931056915
25,Allen,Brooklyn Nets,12/8/2018,NYK,14,10.20286007
26,Allen,Brooklyn Nets,12/12/2018,PHI,8,10.46436751
27,Allen,Brooklyn Nets,12/14/2018,WAS,12,8.789793522
28,Allen,Brooklyn Nets,12/16/2018,ATL,11,10.12353617
29,Allen,Brooklyn Nets,12/18/2018,LAL,6,10.645385
30,Allen,Brooklyn Nets,12/19/2018,CHI,16,7.865232019
31,Allen,Brooklyn Nets,12/21/2018,IND,10,9.299912761
32,Allen,Brooklyn Nets,12/23/2018,PHO,13,9.6346075
33,Allen,Brooklyn Nets,12/26/2018,CHO,7,8.99003519
34,Allen,Brooklyn Nets,12/28/2018,CHO,8,8.590876044
35,Allen,Brooklyn Nets,12/29/2018,MIL,8,9.685090841
36,Allen,Brooklyn Nets,1/2/2019,NOP,10,8.298364439
37,Allen,Brooklyn Nets,1/4/2019,MEM,12,10.24390322
38,Allen,Brooklyn Nets,1/6/2019,CHI,19,7.916078825
39,Allen,Brooklyn Nets,1/7/2019,BOS,6,9.63071176
40,Allen,Brooklyn Nets,1/9/2019,ATL,11,8.709447504
41,Allen,Brooklyn Nets,1/11/2019,TOR,9,8.342225955
42,Allen,Brooklyn Nets,1/14/2019,BOS,19,6.971185434
43,Allen,Brooklyn Nets,1/16/2019,HOU,20,10.45534494
44,Allen,Brooklyn Nets,1/18/2019,ORL,6,8.208269709
45,Allen,Brooklyn Nets,1/21/2019,SAC,8,8.316093554
46,Allen,Brooklyn Nets,1/23/2019,ORL,6,9.303351473
47,Allen,Brooklyn Nets,1/25/2019,NYK,2,8.624896691
48,Allen,Brooklyn Nets,1/28/2019,BOS,6,8.332389856
49,Allen,Brooklyn Nets,1/29/2019,CHI,7,8.869339
50,Allen,Brooklyn Nets,1/31/2019,SAS,16,9.325683268
51,Allen,Brooklyn Nets,2/2/2019,ORL,6,9.610020202
52,Allen,Brooklyn Nets,2/4/2019,MIL,8,10.47531451
53,Allen,Brooklyn Nets,2/6/2019,DEN,15,8.542937062
54,Allen,Brooklyn Nets,2/8/2019,CHI,12,10.51402304
55,Allen,Brooklyn Nets,2/11/2019,TOR,17,10.33901326
56,Allen,Brooklyn Nets,2/13/2019,CLE,10,8.396870768
57,Allen,Brooklyn Nets,2/21/2019,POR,12,9.760125
58,Allen,Brooklyn Nets,2/23/2019,CHO,11,10.26353599
59,Allen,Brooklyn Nets,2/25/2019,SAS,9,9.032665224
60,Allen,Brooklyn Nets,2/27/2019,WAS,12,8.638931059
61,Allen,Brooklyn Nets,3/1/2019,CHO,10,9.37772546
62,Allen,Brooklyn Nets,3/2/2019,MIA,6,8.892797661
63,Allen,Brooklyn Nets,3/4/2019,DAL,8,7.362491385
64,Allen,Brooklyn Nets,3/6/2019,CLE,15,7.604783764
65,Allen,Brooklyn Nets,3/9/2019,ATL,20,11.34227431
66,Allen,Brooklyn Nets,3/11/2019,DET,11,9.068191796
67,Allen,Brooklyn Nets,3/13/2019,OKC,8,9.330608676
68,Allen,Brooklyn Nets,3/16/2019,UTA,4,8.576944774
69,Allen,Brooklyn Nets,3/17/2019,LAC,13,7.142838571
70,Allen,Brooklyn Nets,3/19/2019,SAC,13,9.562520209
71,Allen,Brooklyn Nets,3/22/2019,LAL,13,10.58300081
72,Allen,Brooklyn Nets,3/25/2019,POR,10,9.920877931
73,Allen,Brooklyn Nets,3/28/2019,PHI,4,8.670769172
74,Allen,Brooklyn Nets,3/30/2019,BOS,10,6.953692607
75,Allen,Brooklyn Nets,4/1/2019,MIL,10,10.23632039
76,Allen,Brooklyn Nets,4/3/2019,TOR,12,10.27309249
77,Allen,Brooklyn Nets,4/6/2019,MIL,10,9.500401678
78,Allen,Brooklyn Nets,4/7/2019,IND,12,8.1774135
79,Dudley,Brooklyn Nets,10/19/2018,NYK,9,4.796583333
80,Dudley,Brooklyn Nets,10/20/2018,IND,5,5.853458333
81,Dudley,Brooklyn Nets,10/24/2018,CLE,20,3.902208333
82,Dudley,Brooklyn Nets,10/26/2018,NOP,15,3.41225
83,Dudley,Brooklyn Nets,10/28/2018,GSW,6,6.719125
84,Dudley,Brooklyn Nets,10/29/2018,NYK,0,7.456958333
85,Dudley,Brooklyn Nets,10/31/2018,DET,13,3.014916667
86,Dudley,Brooklyn Nets,11/2/2018,HOU,5,9.280666667
87,Dudley,Brooklyn Nets,11/4/2018,PHI,4,4.934875
88,Dudley,Brooklyn Nets,11/6/2018,PHO,7,5.156958333
89,Dudley,Brooklyn Nets,11/9/2018,DEN,6,2.96375
90,Dudley,Brooklyn Nets,11/10/2018,GSW,0,5.4925
91,Dudley,Brooklyn Nets,11/12/2018,MIN,12,4.686375
92,Dudley,Brooklyn Nets,11/14/2018,MIA,14,7.749708333
93,Dudley,Brooklyn Nets,11/16/2018,WAS,7,7.769375
94,Dudley,Brooklyn Nets,11/17/2018,LAC,7,4.387291667
95,Dudley,Brooklyn Nets,11/20/2018,MIA,0,7.431916667
96,Dudley,Brooklyn Nets,11/21/2018,DAL,2,1.169958333
97,Dudley,Brooklyn Nets,11/23/2018,MIN,4,4.665916667
98,Dudley,Brooklyn Nets,11/25/2018,PHI,5,1.456333333
99,Dudley,Brooklyn Nets,11/28/2018,UTA,0,3.699791667
100,Dudley,Brooklyn Nets,11/30/2018,MEM,0,1.455166667
101,Dudley,Brooklyn Nets,12/1/2018,WAS,4,2.769833333
102,Dudley,Brooklyn Nets,12/3/2018,CLE,3,1.582083333
103,Dudley,Brooklyn Nets,12/5/2018,OKC,4,5.107208333
104,Dudley,Brooklyn Nets,12/7/2018,TOR,5,7.818416667
105,Dudley,Brooklyn Nets,12/8/2018,NYK,4,4.038708333
106,Dudley,Brooklyn Nets,12/12/2018,PHI,7,5.143791667
107,Dudley,Brooklyn Nets,12/14/2018,WAS,11,7.777541667
108,Dudley,Brooklyn Nets,12/16/2018,ATL,22,7.580666667
109,Dudley,Brooklyn Nets,12/18/2018,LAL,15,5.1775
110,Dudley,Brooklyn Nets,12/19/2018,CHI,5,5.909625
111,Dudley,Brooklyn Nets,12/21/2018,IND,16,9.903
112,Dudley,Brooklyn Nets,12/23/2018,PHO,12,7.506666667
113,Dudley,Brooklyn Nets,12/26/2018,CHO,10,4.129583333
114,Dudley,Brooklyn Nets,12/28/2018,CHO,2,6.999791667
115,Dudley,Brooklyn Nets,12/29/2018,MIL,5,5.949291667
116,Dudley,Brooklyn Nets,1/2/2019,NOP,12,3.8445
117,Dudley,Brooklyn Nets,1/4/2019,MEM,0,7.326458333
118,Dudley,Brooklyn Nets,1/6/2019,CHI,14,1.38475
119,Dudley,Brooklyn Nets,1/7/2019,BOS,0,3.331083333
120,Dudley,Brooklyn Nets,1/9/2019,ATL,0,3.693583333
121,Dudley,Brooklyn Nets,2/21/2019,POR,0,2.983833333
122,Dudley,Brooklyn Nets,2/27/2019,WAS,7,1.170291667
123,Dudley,Brooklyn Nets,3/2/2019,MIA,0,5.893041667
124,Dudley,Brooklyn Nets,3/4/2019,DAL,0,0.386666667
125,Dudley,Brooklyn Nets,3/11/2019,DET,0,4.67475
126,Dudley,Brooklyn Nets,3/13/2019,OKC,10,1.979208333
127,Dudley,Brooklyn Nets,3/16/2019,UTA,0,4.431166667
128,Dudley,Brooklyn Nets,3/19/2019,SAC,10,3.7965
129,Dudley,Brooklyn Nets,3/22/2019,LAL,0,6.836791667
130,Dudley,Brooklyn Nets,3/25/2019,POR,19,1.341666667
131,Dudley,Brooklyn Nets,3/28/2019,PHI,7,5.742833333
132,Dudley,Brooklyn Nets,3/30/2019,BOS,10,4.950041667
133,Dudley,Brooklyn Nets,4/1/2019,MIL,2,6.023375
134,Dudley,Brooklyn Nets,4/3/2019,TOR,5,5.606416667
135,Dudley,Brooklyn Nets,4/6/2019,MIL,20,8.559166667
136,Graham,Brooklyn Nets,10/19/2018,NYK,0,8.047583333
137,Graham,Brooklyn Nets,1/4/2019,MEM,2,3.285625
138,Graham,Brooklyn Nets,1/6/2019,CHI,0,5.075791667
139,Graham,Brooklyn Nets,1/7/2019,BOS,11,3.099416667
140,Graham,Brooklyn Nets,1/9/2019,ATL,5,5.152333333
141,Graham,Brooklyn Nets,1/11/2019,TOR,7,3.478875
142,Graham,Brooklyn Nets,1/14/2019,BOS,0,2.863666667
143,Graham,Brooklyn Nets,1/16/2019,HOU,27,2.644416667
144,Graham,Brooklyn Nets,1/18/2019,ORL,8,14.87033333
145,Graham,Brooklyn Nets,1/21/2019,SAC,10,3.266375
146,Graham,Brooklyn Nets,1/23/2019,ORL,7,13.55016667
147,Graham,Brooklyn Nets,1/25/2019,NYK,7,4.350625
148,Graham,Brooklyn Nets,1/29/2019,CHI,3,5.789791667
149,Graham,Brooklyn Nets,1/31/2019,SAS,3,2.9335
150,Graham,Brooklyn Nets,2/2/2019,ORL,5,4.78225
151,Graham,Brooklyn Nets,2/4/2019,MIL,9,3.181666667
152,Graham,Brooklyn Nets,2/6/2019,DEN,24,3.975291667
153,Graham,Brooklyn Nets,2/8/2019,CHI,10,5.973583333
154,Graham,Brooklyn Nets,2/11/2019,TOR,10,3.080375
155,Graham,Brooklyn Nets,2/21/2019,POR,0,3.116833333
156,Graham,Brooklyn Nets,2/23/2019,CHO,9,3.961916667
157,Graham,Brooklyn Nets,2/25/2019,SAS,10,2.286833333
158,Graham,Brooklyn Nets,2/27/2019,WAS,6,4.413166667
159,Graham,Brooklyn Nets,3/1/2019,CHO,7,3.338791667
160,Graham,Brooklyn Nets,3/2/2019,MIA,12,2.505208333
161,Graham,Brooklyn Nets,3/16/2019,UTA,5,3.559166667
162,Graham,Brooklyn Nets,3/17/2019,LAC,2,2.964833333
163,Graham,Brooklyn Nets,3/19/2019,SAC,0,3.2575
164,Graham,Brooklyn Nets,3/28/2019,PHI,2,3.66925
165,Graham,Brooklyn Nets,3/30/2019,BOS,7,2.597166667
166,Graham,Brooklyn Nets,4/3/2019,TOR,5,2.970041667
167,Graham,Brooklyn Nets,4/6/2019,MIL,15,4.015875
168,Graham,Brooklyn Nets,4/7/2019,IND,15,4.479291667
169,Harris,Brooklyn Nets,10/19/2018,NYK,17,17.06522449
170,Harris,Brooklyn Nets,10/20/2018,IND,29,13.89951185
171,Harris,Brooklyn Nets,10/24/2018,CLE,24,15.05342672
172,Harris,Brooklyn Nets,10/26/2018,NOP,9,13.93788998
173,Harris,Brooklyn Nets,10/28/2018,GSW,11,13.60700308
174,Harris,Brooklyn Nets,10/29/2018,NYK,17,13.778253
175,Harris,Brooklyn Nets,10/31/2018,DET,31,17.1785504
176,Harris,Brooklyn Nets,11/2/2018,HOU,26,15.01848166
177,Harris,Brooklyn Nets,11/4/2018,PHI,17,14.8721302
178,Harris,Brooklyn Nets,11/6/2018,PHO,13,14.66740433
179,Harris,Brooklyn Nets,11/9/2018,DEN,15,14.35925964
180,Harris,Brooklyn Nets,11/10/2018,GSW,32,14.01381409
181,Harris,Brooklyn Nets,11/12/2018,MIN,12,16.87051456
182,Harris,Brooklyn Nets,11/14/2018,MIA,13,13.98719264
183,Harris,Brooklyn Nets,11/16/2018,WAS,11,15.77245591
184,Harris,Brooklyn Nets,11/17/2018,LAC,23,13.47467497
185,Harris,Brooklyn Nets,11/20/2018,MIA,11,14.73231615
186,Harris,Brooklyn Nets,11/21/2018,DAL,10,14.78908329
187,Harris,Brooklyn Nets,11/23/2018,MIN,26,14.98264242
188,Harris,Brooklyn Nets,11/25/2018,PHI,11,14.29547999
189,Harris,Brooklyn Nets,11/28/2018,UTA,12,14.27238549
190,Harris,Brooklyn Nets,12/5/2018,OKC,25,16.3399195
191,Harris,Brooklyn Nets,12/7/2018,TOR,8,13.1498119
192,Harris,Brooklyn Nets,12/8/2018,NYK,15,12.89283006
193,Harris,Brooklyn Nets,12/12/2018,PHI,18,15.32204631
194,Harris,Brooklyn Nets,12/14/2018,WAS,25,13.74531816
195,Harris,Brooklyn Nets,12/16/2018,ATL,22,14.28061526
196,Harris,Brooklyn Nets,12/18/2018,LAL,25,13.72359393
197,Harris,Brooklyn Nets,12/19/2018,CHI,17,16.76434789
198,Harris,Brooklyn Nets,12/21/2018,IND,19,13.34064711
199,Harris,Brooklyn Nets,12/23/2018,PHO,19,16.79918149
200,Harris,Brooklyn Nets,12/26/2018,CHO,37,15.27902738
201,Harris,Brooklyn Nets,12/28/2018,CHO,4,16.81199853
202,Harris,Brooklyn Nets,12/29/2018,MIL,23,13.3712858
203,Harris,Brooklyn Nets,1/2/2019,NOP,27,13.62325523
204,Harris,Brooklyn Nets,1/4/2019,MEM,24,14.81869318
205,Harris,Brooklyn Nets,1/6/2019,CHI,2,16.94880398
206,Harris,Brooklyn Nets,1/9/2019,ATL,24,15.10559354
207,Harris,Brooklyn Nets,1/11/2019,TOR,9,14.36253661
208,Harris,Brooklyn Nets,1/14/2019,BOS,15,12.8901763
209,Harris,Brooklyn Nets,1/16/2019,HOU,21,13.72118716
210,Harris,Brooklyn Nets,1/18/2019,ORL,17,15.11406631
211,Harris,Brooklyn Nets,1/21/2019,SAC,25,16.68882094
212,Harris,Brooklyn Nets,1/23/2019,ORL,15,14.7959933
213,Harris,Brooklyn Nets,1/25/2019,NYK,14,16.26645638
214,Harris,Brooklyn Nets,1/28/2019,BOS,7,16.11290108
215,Harris,Brooklyn Nets,1/29/2019,CHI,21,13.78026077
216,Harris,Brooklyn Nets,1/31/2019,SAS,24,13.3985208
217,Harris,Brooklyn Nets,2/2/2019,ORL,6,14.12666017
218,Harris,Brooklyn Nets,2/6/2019,DEN,23,14.9513431
219,Harris,Brooklyn Nets,2/8/2019,CHI,25,15.60553107
220,Harris,Brooklyn Nets,2/11/2019,TOR,38,14.00107104
221,Harris,Brooklyn Nets,2/13/2019,CLE,33,15.74319151
222,Harris,Brooklyn Nets,2/21/2019,POR,13,15.23282077
223,Harris,Brooklyn Nets,2/23/2019,CHO,25,16.92035767
224,Harris,Brooklyn Nets,2/25/2019,SAS,25,14.10644567
225,Harris,Brooklyn Nets,2/27/2019,WAS,10,13.57948038
226,Harris,Brooklyn Nets,3/1/2019,CHO,11,13.32510102
227,Harris,Brooklyn Nets,3/2/2019,MIA,19,16.01943304
228,Harris,Brooklyn Nets,3/4/2019,DAL,13,14.29923779
229,Harris,Brooklyn Nets,3/6/2019,CLE,11,16.2694202
230,Harris,Brooklyn Nets,3/9/2019,ATL,13,14.91358831
231,Harris,Brooklyn Nets,3/11/2019,DET,14,13.36980281
232,Harris,Brooklyn Nets,3/13/2019,OKC,19,15.06526387
233,Harris,Brooklyn Nets,3/16/2019,UTA,6,14.02647435
234,Harris,Brooklyn Nets,3/17/2019,LAC,18,15.39207823
235,Harris,Brooklyn Nets,3/19/2019,SAC,11,14.07186037
236,Harris,Brooklyn Nets,3/22/2019,LAL,38,15.18464059
237,Harris,Brooklyn Nets,3/25/2019,POR,15,15.75738879
238,Harris,Brooklyn Nets,3/28/2019,PHI,30,14.4803663
239,Harris,Brooklyn Nets,3/30/2019,BOS,19,14.37093633
240,Harris,Brooklyn Nets,4/1/2019,MIL,27,13.35970033
241,Harris,Brooklyn Nets,4/3/2019,TOR,11,15.38014404
242,Harris,Brooklyn Nets,4/6/2019,MIL,20,14.37693891
243,Horford,Boston Celtics,10/19/2018,TOR,20,15.49469827
244,Horford,Boston Celtics,10/20/2018,NYK,12,15.32504235
245,Horford,Boston Celtics,10/22/2018,ORL,17,14.47253951
246,Horford,Boston Celtics,10/25/2018,OKC,25,15.71916842
247,Horford,Boston Celtics,10/27/2018,DET,4,14.94284235
248,Horford,Boston Celtics,10/30/2018,DET,11,15.00297543
249,Horford,Boston Celtics,11/1/2018,MIL,26,17.16097517
250,Horford,Boston Celtics,11/3/2018,IND,16,17.39876844
251,Horford,Boston Celtics,11/5/2018,DEN,12,15.91335388
252,Horford,Boston Celtics,11/8/2018,PHO,9,16.99717007
253,Horford,Boston Celtics,11/9/2018,UTA,15,15.06688826
254,Horford,Boston Celtics,11/11/2018,POR,10,16.75607041
255,Horford,Boston Celtics,11/14/2018,CHI,14,13.03445765
256,Horford,Boston Celtics,11/16/2018,TOR,13,15.45253288
257,Horford,Boston Celtics,11/17/2018,UTA,11,16.38038319
258,Horford,Boston Celtics,11/19/2018,CHO,8,15.27066049
259,Horford,Boston Celtics,11/21/2018,NYK,23,14.88994448
260,Horford,Boston Celtics,11/24/2018,DAL,12,14.2758295
261,Horford,Boston Celtics,11/26/2018,NOP,26,11.93807916
262,Horford,Boston Celtics,12/1/2018,MIN,17,14.97326336
263,Horford,Boston Celtics,12/6/2018,NYK,19,15.93537405
264,Horford,Boston Celtics,12/23/2018,CHO,10,14.23272048
265,Horford,Boston Celtics,12/25/2018,PHI,4,15.33656433
266,Horford,Boston Celtics,12/27/2018,HOU,17,12.38234466
267,Horford,Boston Celtics,12/29/2018,MEM,28,13.87458651
268,Horford,Boston Celtics,12/31/2018,SAS,11,13.7556397
269,Horford,Boston Celtics,1/2/2019,MIN,17,14.70663718
270,Horford,Boston Celtics,1/4/2019,DAL,14,17.38081875
271,Horford,Boston Celtics,1/7/2019,BRK,12,13.46074726
272,Horford,Boston Celtics,1/9/2019,IND,6,15.58143664
273,Horford,Boston Celtics,1/10/2019,MIA,2,14.24951784
274,Horford,Boston Celtics,1/12/2019,ORL,10,14.71487657
275,Horford,Boston Celtics,1/14/2019,BRK,8,13.9746727
276,Horford,Boston Celtics,1/16/2019,TOR,30,13.70797571
277,Horford,Boston Celtics,1/18/2019,MEM,22,13.53623965
278,Horford,Boston Celtics,1/19/2019,ATL,15,16.09901
279,Horford,Boston Celtics,1/21/2019,MIA,16,13.58039313
280,Horford,Boston Celtics,1/26/2019,GSW,26,12.70847717
281,Horford,Boston Celtics,1/28/2019,BRK,14,13.46626185
282,Horford,Boston Celtics,1/30/2019,CHO,14,14.06355283
283,Horford,Boston Celtics,2/1/2019,NYK,14,14.65731825
284,Horford,Boston Celtics,2/3/2019,OKC,19,15.96280229
285,Horford,Boston Celtics,2/5/2019,CLE,11,15.86272375
286,Horford,Boston Celtics,2/7/2019,LAL,14,15.43026883
287,Horford,Boston Celtics,2/9/2019,LAC,6,16.76699212
288,Horford,Boston Celtics,2/12/2019,PHI,29,14.39481916
289,Horford,Boston Celtics,2/13/2019,DET,23,13.95384657
290,Horford,Boston Celtics,2/21/2019,MIL,25,16.18193131
291,Horford,Boston Celtics,2/23/2019,CHI,21,13.00586936
292,Horford,Boston Celtics,2/26/2019,TOR,8,17.53294651
293,Horford,Boston Celtics,2/27/2019,POR,15,15.05932857
294,Horford,Boston Celtics,3/1/2019,WAS,18,13.370286
295,Horford,Boston Celtics,3/3/2019,HOU,21,15.21998847
296,Horford,Boston Celtics,3/5/2019,GSW,7,15.98417481
297,Horford,Boston Celtics,3/6/2019,SAC,23,14.2329935
298,Horford,Boston Celtics,3/9/2019,LAL,10,14.67919539
299,Horford,Boston Celtics,3/11/2019,LAC,10,14.60260475
300,Horford,Boston Celtics,3/14/2019,SAC,14,14.58313345
301,Horford,Boston Celtics,3/16/2019,ATL,9,18.47173369
302,Horford,Boston Celtics,3/18/2019,DEN,28,13.55516289
303,Horford,Boston Celtics,3/20/2019,PHI,26,15.41337842
304,Horford,Boston Celtics,3/26/2019,CLE,19,14.7536818
305,Horford,Boston Celtics,3/29/2019,IND,21,15.60011973
306,Horford,Boston Celtics,4/1/2019,MIA,19,15.54816619
307,Horford,Boston Celtics,4/3/2019,MIA,23,14.14251718
308,Horford,Boston Celtics,4/5/2019,IND,13,15.41018227
309,Irving,Boston Celtics,10/19/2018,TOR,23,30.49020653
310,Irving,Boston Celtics,10/20/2018,NYK,16,29.37487446
311,Irving,Boston Celtics,10/22/2018,ORL,26,26.44247817
312,Irving,Boston Celtics,10/25/2018,OKC,19,26.68845192
313,Irving,Boston Celtics,10/27/2018,DET,5,27.34329473
314,Irving,Boston Celtics,10/30/2018,DET,39,27.486
315,Irving,Boston Celtics,11/1/2018,MIL,40,31.61319048
316,Irving,Boston Celtics,11/3/2018,IND,26,27.97823214
317,Irving,Boston Celtics,11/5/2018,DEN,39,31.27677092
318,Irving,Boston Celtics,11/8/2018,PHO,51,25.96789444
319,Irving,Boston Celtics,11/11/2018,POR,27,31.98009722
320,Irving,Boston Celtics,11/14/2018,CHI,19,28.65629878
321,Irving,Boston Celtics,11/16/2018,TOR,49,27.81833492
322,Irving,Boston Celtics,11/17/2018,UTA,22,30.27065512
323,Irving,Boston Celtics,11/19/2018,CHO,29,26.89576353
324,Irving,Boston Celtics,11/21/2018,NYK,26,27.59880754
325,Irving,Boston Celtics,11/23/2018,ATL,19,28.17912063
326,Irving,Boston Celtics,11/24/2018,DAL,19,27.22370076
327,Irving,Boston Celtics,11/26/2018,NOP,36,24.7857518
328,Irving,Boston Celtics,11/30/2018,CLE,39,28.04720833
329,Irving,Boston Celtics,12/1/2018,MIN,25,29.40287121
330,Irving,Boston Celtics,12/6/2018,NYK,28,31.65808113
331,Irving,Boston Celtics,12/8/2018,CHI,17,27.63400649
332,Irving,Boston Celtics,12/12/2018,WAS,46,28.25741613
333,Irving,Boston Celtics,12/14/2018,ATL,32,27.90566396
334,Irving,Boston Celtics,12/15/2018,DET,30,25.87615314
335,Irving,Boston Celtics,12/19/2018,PHO,37,25.29362698
336,Irving,Boston Celtics,12/21/2018,MIL,17,28.93635714
337,Irving,Boston Celtics,12/23/2018,CHO,33,25.78310859
338,Irving,Boston Celtics,12/25/2018,PHI,50,29.02967911
339,Irving,Boston Celtics,12/27/2018,HOU,27,26.94152864
340,Irving,Boston Celtics,12/29/2018,MEM,30,31.07604798
341,Irving,Boston Celtics,12/31/2018,SAS,18,29.36974563
342,Irving,Boston Celtics,1/7/2019,BRK,19,30.62493434
343,Irving,Boston Celtics,1/9/2019,IND,14,25.79114881
344,Irving,Boston Celtics,1/10/2019,MIA,26,28.19172758
345,Irving,Boston Celtics,1/12/2019,ORL,25,28.01874359
346,Irving,Boston Celtics,1/16/2019,TOR,33,23.12543106
347,Irving,Boston Celtics,1/18/2019,MEM,46,27.76323214
348,Irving,Boston Celtics,1/19/2019,ATL,42,30.88523864
349,Irving,Boston Celtics,1/21/2019,MIA,30,29.54785714
350,Irving,Boston Celtics,1/26/2019,GSW,40,28.10027507
351,Irving,Boston Celtics,2/1/2019,NYK,27,25.45237428
352,Irving,Boston Celtics,2/3/2019,OKC,32,25.1020671
353,Irving,Boston Celtics,2/7/2019,LAL,28,27.09060462
354,Irving,Boston Celtics,2/9/2019,LAC,16,25.98475433
355,Irving,Boston Celtics,2/21/2019,MIL,30,31.93785259
356,Irving,Boston Celtics,2/23/2019,CHI,43,29.97544048
357,Irving,Boston Celtics,2/26/2019,TOR,9,29.78832179
358,Irving,Boston Celtics,2/27/2019,POR,37,27.14386742
359,Irving,Boston Celtics,3/1/2019,WAS,15,28.32923755
360,Irving,Boston Celtics,3/3/2019,HOU,30,29.70071212
361,Irving,Boston Celtics,3/5/2019,GSW,23,31.87862554
362,Irving,Boston Celtics,3/9/2019,LAL,40,25.54175338
363,Irving,Boston Celtics,3/11/2019,LAC,22,26.88223214
364,Irving,Boston Celtics,3/14/2019,SAC,33,29.25961399
365,Irving,Boston Celtics,3/16/2019,ATL,38,29.51570833
366,Irving,Boston Celtics,3/18/2019,DEN,34,28.08229167
367,Irving,Boston Celtics,3/20/2019,PHI,42,31.26054167
368,Irving,Boston Celtics,3/23/2019,CHO,39,29.57961851
369,Irving,Boston Celtics,3/24/2019,SAS,13,28.74869048
370,Irving,Boston Celtics,3/29/2019,IND,36,28.95258333
371,Irving,Boston Celtics,4/1/2019,MIA,35,29.98527381
372,Irving,Boston Celtics,4/3/2019,MIA,29,29.93507301
373,Irving,Boston Celtics,4/5/2019,IND,19,29.40880556
374,Morris,Boston Celtics,10/19/2018,TOR,12,20.82456626
375,Morris,Boston Celtics,10/20/2018,NYK,20,18.72148748
376,Morris,Boston Celtics,10/22/2018,ORL,7,17.47385164
377,Morris,Boston Celtics,10/25/2018,OKC,29,16.94185239
378,Morris,Boston Celtics,10/27/2018,DET,24,18.19368433
379,Morris,Boston Celtics,10/30/2018,DET,19,19.03832468
380,Morris,Boston Celtics,11/1/2018,MIL,27,12.96991377
381,Morris,Boston Celtics,11/3/2018,IND,31,19.3034694
382,Morris,Boston Celtics,11/5/2018,DEN,6,20.65399228
383,Morris,Boston Celtics,11/8/2018,PHO,21,17.82263233
384,Morris,Boston Celtics,11/9/2018,UTA,20,19.88333555
385,Morris,Boston Celtics,11/11/2018,POR,19,20.19950613
386,Morris,Boston Celtics,11/16/2018,TOR,13,15.80441502
387,Morris,Boston Celtics,11/17/2018,UTA,3,13.16896069
388,Morris,Boston Celtics,11/19/2018,CHO,9,15.4814088
389,Morris,Boston Celtics,11/21/2018,NYK,27,13.34432984
390,Morris,Boston Celtics,11/23/2018,ATL,12,19.48273319
391,Morris,Boston Celtics,11/24/2018,DAL,15,18.62134492
392,Morris,Boston Celtics,11/26/2018,NOP,25,21.27905292
393,Morris,Boston Celtics,11/30/2018,CLE,19,21.3934244
394,Morris,Boston Celtics,12/1/2018,MIN,24,16.46403119
395,Morris,Boston Celtics,12/6/2018,NYK,10,13.00230891
396,Morris,Boston Celtics,12/8/2018,CHI,16,15.8872065
397,Morris,Boston Celtics,12/10/2018,NOP,41,15.94537777
398,Morris,Boston Celtics,12/12/2018,WAS,29,17.44366381
399,Morris,Boston Celtics,12/14/2018,ATL,32,17.41585415
400,Morris,Boston Celtics,12/15/2018,DET,9,21.34527852
401,Morris,Boston Celtics,12/23/2018,CHO,16,14.50659488
402,Morris,Boston Celtics,12/25/2018,PHI,29,15.99853742
403,Morris,Boston Celtics,12/27/2018,HOU,25,20.89999091
404,Morris,Boston Celtics,12/29/2018,MEM,30,21.3248236
405,Morris,Boston Celtics,12/31/2018,SAS,22,20.19075929
406,Morris,Boston Celtics,1/2/2019,MIN,16,19.23730153
407,Morris,Boston Celtics,1/7/2019,BRK,18,14.04038242
408,Morris,Boston Celtics,1/9/2019,IND,28,13.12330406
409,Morris,Boston Celtics,1/10/2019,MIA,23,20.99838497
410,Morris,Boston Celtics,1/12/2019,ORL,23,21.12666569
411,Morris,Boston Celtics,1/14/2019,BRK,10,18.88483661
412,Morris,Boston Celtics,1/16/2019,TOR,8,17.69425251
413,Morris,Boston Celtics,1/18/2019,MEM,8,16.0055386
414,Morris,Boston Celtics,1/19/2019,ATL,12,20.13236624
415,Morris,Boston Celtics,1/21/2019,MIA,21,16.59449202
416,Morris,Boston Celtics,1/23/2019,CLE,13,19.32398176
417,Morris,Boston Celtics,1/26/2019,GSW,13,14.79160419
418,Morris,Boston Celtics,1/28/2019,BRK,17,15.44720407
419,Morris,Boston Celtics,1/30/2019,CHO,17,18.83976132
420,Morris,Boston Celtics,2/1/2019,NYK,26,18.68481596
421,Morris,Boston Celtics,2/3/2019,OKC,23,19.95108003
422,Morris,Boston Celtics,2/7/2019,LAL,5,21.00353787
423,Morris,Boston Celtics,2/9/2019,LAC,17,17.32530898
424,Morris,Boston Celtics,2/12/2019,PHI,19,20.11499426
425,Morris,Boston Celtics,2/13/2019,DET,13,19.37229785
426,Morris,Boston Celtics,2/21/2019,MIL,17,16.4128521
427,Morris,Boston Celtics,2/23/2019,CHI,14,16.83474765
428,Morris,Boston Celtics,2/26/2019,TOR,19,14.91044809
429,Morris,Boston Celtics,2/27/2019,POR,8,20.09735764
430,Morris,Boston Celtics,3/1/2019,WAS,23,16.64769813
431,Morris,Boston Celtics,3/3/2019,HOU,0,16.83070092
432,Morris,Boston Celtics,3/5/2019,GSW,14,18.14102616
433,Morris,Boston Celtics,3/6/2019,SAC,25,17.47984678
434,Morris,Boston Celtics,3/9/2019,LAL,18,18.72497152
435,Morris,Boston Celtics,3/11/2019,LAC,13,17.64908021
436,Morris,Boston Celtics,3/14/2019,SAC,27,15.86531357
437,Morris,Boston Celtics,3/16/2019,ATL,23,19.25267131
438,Morris,Boston Celtics,3/18/2019,DEN,17,19.11215597
439,Morris,Boston Celtics,3/20/2019,PHI,4,14.40757228
440,Morris,Boston Celtics,3/23/2019,CHO,21,17.02038587
441,Morris,Boston Celtics,3/24/2019,SAS,15,19.49609484
442,Morris,Boston Celtics,3/26/2019,CLE,18,16.25491257
443,Morris,Boston Celtics,3/29/2019,IND,9,13.94035831
444,Morris,Boston Celtics,3/30/2019,BRK,20,19.83697884
445,Morris,Boston Celtics,4/1/2019,MIA,12,14.93731311
446,Morris,Boston Celtics,4/5/2019,IND,13,16.38144303
447,Russell,Brooklyn Nets,10/19/2018,NYK,19,17.54856235
448,Russell,Brooklyn Nets,10/20/2018,IND,16,17.33705411
449,Russell,Brooklyn Nets,10/24/2018,CLE,22,19.58575092
450,Russell,Brooklyn Nets,10/26/2018,NOP,36,18.65241299
451,Russell,Brooklyn Nets,10/28/2018,GSW,35,16.13940321
452,Russell,Brooklyn Nets,10/29/2018,NYK,19,16.37128986
453,Russell,Brooklyn Nets,10/31/2018,DET,6,17.63377966
454,Russell,Brooklyn Nets,11/2/2018,HOU,14,17.86872331
455,Russell,Brooklyn Nets,11/4/2018,PHI,23,16.66210042
456,Russell,Brooklyn Nets,11/6/2018,PHO,17,17.26227706
457,Russell,Brooklyn Nets,11/9/2018,DEN,29,17.4847378
458,Russell,Brooklyn Nets,11/10/2018,GSW,14,18.45602933
459,Russell,Brooklyn Nets,11/12/2018,MIN,49,18.00336305
460,Russell,Brooklyn Nets,11/14/2018,MIA,12,14.51592165
461,Russell,Brooklyn Nets,11/16/2018,WAS,25,17.13417275
462,Russell,Brooklyn Nets,11/17/2018,LAC,33,18.04177002
463,Russell,Brooklyn Nets,11/20/2018,MIA,24,12.93947332
464,Russell,Brooklyn Nets,11/21/2018,DAL,23,19.12653615
465,Russell,Brooklyn Nets,11/23/2018,MIN,5,18.74880002
466,Russell,Brooklyn Nets,11/25/2018,PHI,42,20.14249892
467,Russell,Brooklyn Nets,11/28/2018,UTA,18,19.78705909
468,Russell,Brooklyn Nets,11/30/2018,MEM,36,19.85102142
469,Russell,Brooklyn Nets,12/1/2018,WAS,10,15.34927531
470,Russell,Brooklyn Nets,12/3/2018,CLE,38,18.67556235
471,Russell,Brooklyn Nets,12/5/2018,OKC,23,18.02948655
472,Russell,Brooklyn Nets,12/7/2018,TOR,33,15.55394017
473,Russell,Brooklyn Nets,12/8/2018,NYK,11,16.99009633
474,Russell,Brooklyn Nets,12/12/2018,PHI,16,17.39163336
475,Russell,Brooklyn Nets,12/14/2018,WAS,10,15.16038354
476,Russell,Brooklyn Nets,12/16/2018,ATL,42,20.99114045
477,Russell,Brooklyn Nets,12/18/2018,LAL,30,18.65870149
478,Russell,Brooklyn Nets,12/19/2018,CHI,15,16.12025445
479,Russell,Brooklyn Nets,12/21/2018,IND,5,18.25513361
480,Russell,Brooklyn Nets,12/23/2018,PHO,22,20.36798444
481,Russell,Brooklyn Nets,12/26/2018,CHO,20,18.82300216
482,Russell,Brooklyn Nets,12/28/2018,CHO,37,16.34631211
483,Russell,Brooklyn Nets,1/2/2019,NOP,26,19.22937019
484,Russell,Brooklyn Nets,1/4/2019,MEM,29,18.68222464
485,Russell,Brooklyn Nets,1/6/2019,CHI,40,18.01338073
486,Russell,Brooklyn Nets,1/7/2019,BOS,7,16.98659343
487,Russell,Brooklyn Nets,1/9/2019,ATL,25,15.55468813
488,Russell,Brooklyn Nets,1/11/2019,TOR,28,18.53957385
489,Russell,Brooklyn Nets,1/14/2019,BOS,48,17.7215101
490,Russell,Brooklyn Nets,1/16/2019,HOU,14,17.05827363
491,Russell,Brooklyn Nets,1/18/2019,ORL,56,17.27704541
492,Russell,Brooklyn Nets,1/21/2019,SAC,45,16.58377905
493,Russell,Brooklyn Nets,1/23/2019,ORL,31,15.2504943
494,Russell,Brooklyn Nets,1/25/2019,NYK,16,18.47972861
495,Russell,Brooklyn Nets,1/28/2019,BOS,33,16.62144434
496,Russell,Brooklyn Nets,1/29/2019,CHI,34,16.55589743
497,Russell,Brooklyn Nets,1/31/2019,SAS,29,19.36414502
498,Russell,Brooklyn Nets,2/2/2019,ORL,29,20.8727191
499,Russell,Brooklyn Nets,2/4/2019,MIL,22,15.38738166
500,Russell,Brooklyn Nets,2/6/2019,DEN,39,16.0680761
501,Russell,Brooklyn Nets,2/8/2019,CHI,25,19.21533845
502,Russell,Brooklyn Nets,2/11/2019,TOR,32,19.85808362
503,Russell,Brooklyn Nets,2/13/2019,CLE,46,19.26753747
504,Russell,Brooklyn Nets,2/21/2019,POR,18,19.83772245
505,Russell,Brooklyn Nets,2/23/2019,CHO,52,21.67892952
506,Russell,Brooklyn Nets,2/25/2019,SAS,33,16.23293752
507,Russell,Brooklyn Nets,2/27/2019,WAS,30,15.46187213
508,Russell,Brooklyn Nets,3/1/2019,CHO,24,18.80373972
509,Russell,Brooklyn Nets,3/2/2019,MIA,14,17.32351351
510,Russell,Brooklyn Nets,3/4/2019,DAL,15,13.91725361
511,Russell,Brooklyn Nets,3/6/2019,CLE,33,16.16125096
512,Russell,Brooklyn Nets,3/9/2019,ATL,24,18.6464691
513,Russell,Brooklyn Nets,3/11/2019,DET,13,21.04450697
514,Russell,Brooklyn Nets,3/13/2019,OKC,18,16.54861502
515,Russell,Brooklyn Nets,3/16/2019,UTA,26,19.06101787
516,Russell,Brooklyn Nets,3/17/2019,LAC,44,19.54224562
517,Russell,Brooklyn Nets,3/19/2019,SAC,56,16.5552835
518,Russell,Brooklyn Nets,3/22/2019,LAL,29,17.32093814
519,Russell,Brooklyn Nets,3/25/2019,POR,45,15.63827297
520,Russell,Brooklyn Nets,3/28/2019,PHI,15,20.46562655
521,Russell,Brooklyn Nets,3/30/2019,BOS,37,20.00091993
522,Russell,Brooklyn Nets,4/1/2019,MIL,36,15.32353549
523,Russell,Brooklyn Nets,4/3/2019,TOR,37,16.87094859
524,Russell,Brooklyn Nets,4/6/2019,MIL,31,17.07232385
525,Russell,Brooklyn Nets,4/7/2019,IND,22,14.67622613
526,Smart,Boston Celtics,10/19/2018,TOR,2,11.91699524
527,Smart,Boston Celtics,10/20/2018,NYK,8,10.43494524
528,Smart,Boston Celtics,10/22/2018,ORL,11,11.35483889
529,Smart,Boston Celtics,10/25/2018,OKC,2,17.82143333
530,Smart,Boston Celtics,10/27/2018,DET,5,17.07784524
531,Smart,Boston Celtics,10/30/2018,DET,3,11.87174524
532,Smart,Boston Celtics,11/1/2018,MIL,2,12.0426881
533,Smart,Boston Celtics,11/3/2018,IND,5,15.01267222
534,Smart,Boston Celtics,11/5/2018,DEN,11,16.5030119
535,Smart,Boston Celtics,11/8/2018,PHO,9,13.64753889
536,Smart,Boston Celtics,11/9/2018,UTA,21,12.53846746
537,Smart,Boston Celtics,11/11/2018,POR,0,12.1888381
538,Smart,Boston Celtics,11/14/2018,CHI,12,10.31998333
539,Smart,Boston Celtics,11/16/2018,TOR,5,13.22727857
540,Smart,Boston Celtics,11/17/2018,UTA,5,12.52782302
541,Smart,Boston Celtics,11/19/2018,CHO,22,13.88365079
542,Smart,Boston Celtics,11/21/2018,NYK,2,13.62542143
543,Smart,Boston Celtics,11/23/2018,ATL,4,11.79648333
544,Smart,Boston Celtics,11/24/2018,DAL,25,9.987816667
545,Smart,Boston Celtics,11/26/2018,NOP,12,14.43169286
546,Smart,Boston Celtics,11/30/2018,CLE,16,12.6729
547,Smart,Boston Celtics,12/1/2018,MIN,10,11.50905
548,Smart,Boston Celtics,12/6/2018,NYK,4,15.15428333
549,Smart,Boston Celtics,12/8/2018,CHI,10,11.98761667
550,Smart,Boston Celtics,12/10/2018,NOP,4,12.80074524
551,Smart,Boston Celtics,12/12/2018,WAS,20,11.64073889
552,Smart,Boston Celtics,12/14/2018,ATL,0,14.08765397
553,Smart,Boston Celtics,12/15/2018,DET,31,12.57927857
554,Smart,Boston Celtics,12/19/2018,PHO,18,13.32862619
555,Smart,Boston Celtics,12/21/2018,MIL,8,10.21435079
556,Smart,Boston Celtics,12/23/2018,CHO,10,12.70635
557,Smart,Boston Celtics,12/25/2018,PHI,10,14.43258333
558,Smart,Boston Celtics,12/27/2018,HOU,13,13.72769444
559,Smart,Boston Celtics,12/29/2018,MEM,10,13.09170476
560,Smart,Boston Celtics,12/31/2018,SAS,7,13.50512857
561,Smart,Boston Celtics,1/2/2019,MIN,2,11.47386746
562,Smart,Boston Celtics,1/4/2019,DAL,27,12.34836667
563,Smart,Boston Celtics,1/7/2019,BRK,20,12.05902778
564,Smart,Boston Celtics,1/9/2019,IND,2,12.67849524
565,Smart,Boston Celtics,1/10/2019,MIA,26,14.80023413
566,Smart,Boston Celtics,1/12/2019,ORL,14,12.97459921
567,Smart,Boston Celtics,1/16/2019,TOR,7,13.70447857
568,Smart,Boston Celtics,1/18/2019,MEM,32,13.25559444
569,Smart,Boston Celtics,1/19/2019,ATL,4,15.83875
570,Smart,Boston Celtics,1/21/2019,MIA,10,15.65197857
571,Smart,Boston Celtics,1/23/2019,CLE,13,12.58467857
572,Smart,Boston Celtics,1/26/2019,GSW,16,13.24246746
573,Smart,Boston Celtics,1/28/2019,BRK,29,10.86664286
574,Smart,Boston Celtics,1/30/2019,CHO,5,12.34237302
575,Smart,Boston Celtics,2/1/2019,NYK,5,10.40724524
576,Smart,Boston Celtics,2/3/2019,OKC,26,12.44064524
577,Smart,Boston Celtics,2/5/2019,CLE,25,10.76334524
578,Smart,Boston Celtics,2/7/2019,LAL,10,13.50438333
579,Smart,Boston Celtics,2/9/2019,LAC,2,11.86108333
580,Smart,Boston Celtics,2/12/2019,PHI,8,11.42141667
581,Smart,Boston Celtics,2/13/2019,DET,24,14.97204444
582,Smart,Boston Celtics,2/21/2019,MIL,7,12.90677778
583,Smart,Boston Celtics,2/23/2019,CHI,6,12.33121667
584,Smart,Boston Celtics,2/26/2019,TOR,7,11.91663333
585,Smart,Boston Celtics,2/27/2019,POR,15,12.34771508
586,Smart,Boston Celtics,3/1/2019,WAS,24,11.31278333
587,Smart,Boston Celtics,3/3/2019,HOU,24,14.12448333
588,Smart,Boston Celtics,3/5/2019,GSW,11,13.49438333
589,Smart,Boston Celtics,3/6/2019,SAC,11,12.03542857
590,Smart,Boston Celtics,3/9/2019,LAL,24,12.05787857
591,Smart,Boston Celtics,3/11/2019,LAC,10,12.41933413
592,Smart,Boston Celtics,3/14/2019,SAC,9,12.9891119
593,Smart,Boston Celtics,3/16/2019,ATL,20,12.66475556
594,Smart,Boston Celtics,3/18/2019,DEN,10,14.18914444
595,Smart,Boston Celtics,3/20/2019,PHI,5,14.30606746
596,Smart,Boston Celtics,3/23/2019,CHO,10,11.43187857
597,Smart,Boston Celtics,3/24/2019,SAS,16,11.90943413
598,Smart,Boston Celtics,3/26/2019,CLE,25,12.10856667
599,Smart,Boston Celtics,3/29/2019,IND,10,13.32305
600,Smart,Boston Celtics,3/30/2019,BRK,11,14.40074524
601,Smart,Boston Celtics,4/1/2019,MIA,24,13.0282
602,Smart,Boston Celtics,4/3/2019,MIA,8,16.3371
603,Smart,Boston Celtics,4/5/2019,IND,8,13.75856746
604,Tatum,Boston Celtics,10/19/2018,TOR,20,16.39252799
605,Tatum,Boston Celtics,10/20/2018,NYK,28,17.46203313
606,Tatum,Boston Celtics,10/22/2018,ORL,7,17.033075
607,Tatum,Boston Celtics,10/25/2018,OKC,26,15.77294954
608,Tatum,Boston Celtics,10/27/2018,DET,8,17.50846538
609,Tatum,Boston Celtics,10/30/2018,DET,18,15.9086799
610,Tatum,Boston Celtics,11/1/2018,MIL,16,15.02943882
611,Tatum,Boston Celtics,11/3/2018,IND,22,18.1426506
612,Tatum,Boston Celtics,11/5/2018,DEN,17,14.93472364
613,Tatum,Boston Celtics,11/8/2018,PHO,4,14.28999986
614,Tatum,Boston Celtics,11/9/2018,UTA,25,16.796035
615,Tatum,Boston Celtics,11/11/2018,POR,37,17.89788328
616,Tatum,Boston Celtics,11/14/2018,CHI,22,15.62395347
617,Tatum,Boston Celtics,11/16/2018,TOR,25,14.57828016
618,Tatum,Boston Celtics,11/17/2018,UTA,10,18.16969433
619,Tatum,Boston Celtics,11/19/2018,CHO,22,16.03229625
620,Tatum,Boston Celtics,11/21/2018,NYK,17,16.01072768
621,Tatum,Boston Celtics,11/23/2018,ATL,18,16.73789884
622,Tatum,Boston Celtics,11/24/2018,DAL,27,14.51447055
623,Tatum,Boston Celtics,11/26/2018,NOP,24,16.60786153
624,Tatum,Boston Celtics,11/30/2018,CLE,15,16.67180188
625,Tatum,Boston Celtics,12/1/2018,MIN,25,13.6074319
626,Tatum,Boston Celtics,12/6/2018,NYK,23,15.58073668
627,Tatum,Boston Celtics,12/8/2018,CHI,26,14.54936376
628,Tatum,Boston Celtics,12/10/2018,NOP,23,15.72525834
629,Tatum,Boston Celtics,12/12/2018,WAS,12,16.26331653
630,Tatum,Boston Celtics,12/14/2018,ATL,26,17.10193936
631,Tatum,Boston Celtics,12/15/2018,DET,17,16.97648345
632,Tatum,Boston Celtics,12/19/2018,PHO,22,15.08954209
633,Tatum,Boston Celtics,12/21/2018,MIL,26,15.62712641
634,Tatum,Boston Celtics,12/23/2018,CHO,23,15.94963417
635,Tatum,Boston Celtics,12/25/2018,PHI,25,15.34667499
636,Tatum,Boston Celtics,12/27/2018,HOU,4,15.33125724
637,Tatum,Boston Celtics,12/29/2018,MEM,9,17.30066339
638,Tatum,Boston Celtics,12/31/2018,SAS,12,15.25190918
639,Tatum,Boston Celtics,1/2/2019,MIN,8,14.06207164
640,Tatum,Boston Celtics,1/4/2019,DAL,26,15.89650514
641,Tatum,Boston Celtics,1/7/2019,BRK,20,15.56620423
642,Tatum,Boston Celtics,1/9/2019,IND,24,15.19904748
643,Tatum,Boston Celtics,1/10/2019,MIA,21,17.02446942
644,Tatum,Boston Celtics,1/12/2019,ORL,18,15.59615279
645,Tatum,Boston Celtics,1/14/2019,BRK,40,16.74352742
646,Tatum,Boston Celtics,1/16/2019,TOR,18,16.22351034
647,Tatum,Boston Celtics,1/18/2019,MEM,2,15.80724326
648,Tatum,Boston Celtics,1/19/2019,ATL,19,17.30717382
649,Tatum,Boston Celtics,1/21/2019,MIA,25,15.7212147
650,Tatum,Boston Celtics,1/23/2019,CLE,15,15.88714903
651,Tatum,Boston Celtics,1/26/2019,GSW,26,13.69963393
652,Tatum,Boston Celtics,1/28/2019,BRK,6,15.88119349
653,Tatum,Boston Celtics,1/30/2019,CHO,24,15.72169312
654,Tatum,Boston Celtics,2/1/2019,NYK,15,16.71385141
655,Tatum,Boston Celtics,2/3/2019,OKC,11,17.01110574
656,Tatum,Boston Celtics,2/5/2019,CLE,27,16.47939194
657,Tatum,Boston Celtics,2/7/2019,LAL,24,12.91835805
658,Tatum,Boston Celtics,2/9/2019,LAC,18,16.60141838
659,Tatum,Boston Celtics,2/12/2019,PHI,22,15.97676748
660,Tatum,Boston Celtics,2/13/2019,DET,25,16.60938288
661,Tatum,Boston Celtics,2/21/2019,MIL,19,14.52804479
662,Tatum,Boston Celtics,2/23/2019,CHI,14,15.38844555
663,Tatum,Boston Celtics,2/26/2019,TOR,13,14.10574568
664,Tatum,Boston Celtics,2/27/2019,POR,14,17.56682447
665,Tatum,Boston Celtics,3/1/2019,WAS,10,16.17266783
666,Tatum,Boston Celtics,3/3/2019,HOU,14,14.72649579
667,Tatum,Boston Celtics,3/5/2019,GSW,19,15.93229102
668,Tatum,Boston Celtics,3/6/2019,SAC,28,15.04512582
669,Tatum,Boston Celtics,3/9/2019,LAL,6,16.1671598
670,Tatum,Boston Celtics,3/14/2019,SAC,15,17.38804678
671,Tatum,Boston Celtics,3/16/2019,ATL,18,17.7082255
672,Tatum,Boston Celtics,3/18/2019,DEN,10,15.9422093
673,Tatum,Boston Celtics,3/20/2019,PHI,15,14.68835443
674,Tatum,Boston Celtics,3/23/2019,CHO,16,16.18063698
675,Tatum,Boston Celtics,3/26/2019,CLE,27,14.93452962
676,Tatum,Boston Celtics,3/29/2019,IND,17,16.1122012
677,Tatum,Boston Celtics,3/30/2019,BRK,11,17.02048486
678,Tatum,Boston Celtics,4/1/2019,MIA,27,17.90299122
679,Tatum,Boston Celtics,4/3/2019,MIA,18,15.89917577
680,Tatum,Boston Celtics,4/5/2019,IND,24,16.02576575
